time/total_timesteps,rollout/ep_rew_mean,rollout/exploration_rate,time/time_elapsed,rollout/ep_len_mean,time/fps,rollout/success_rate,time/episodes,train/learning_rate,train/loss,train/n_updates
150,-17.236237,0.9928750000000003,0,150.0,7393,0.0,1,,,
300,-12.936727999999999,0.98575,0,150.0,7453,0.0,2,,,
450,-14.043360666666667,0.9786250000000003,0,150.0,7474,0.0,3,,,
600,-14.227967750000001,0.9715,0,150.0,7423,0.0,4,,,
750,-14.705055800000002,0.9643750000000002,0,150.0,7289,0.0,5,,,
900,-14.106524166666668,0.9572499999999999,0,150.0,7320,0.0,6,,,
1050,-13.952412714285716,0.9501250000000002,0,150.0,7023,0.0,7,0.0003,0.006380798295140266,12
1200,-15.485388749999998,0.943,0,150.0,6522,0.0,8,0.0003,0.021282000467181206,49
1350,-16.332369222222223,0.9358750000000002,0,150.0,6106,0.0,9,0.0003,0.023595690727233887,87
1500,-16.3157908,0.92875,0,150.0,5841,0.0,10,0.0003,0.02914782054722309,124
1650,-17.265981454545454,0.9216250000000002,0,150.0,5640,0.0,11,0.0003,0.02283710241317749,162
1800,-18.136546749999997,0.9145,0,150.0,5484,0.0,12,0.0003,0.011952264234423637,199
1950,-18.36740746153846,0.9073750000000002,0,150.0,5348,0.0,13,0.0003,0.008188070729374886,237
2100,-18.074632428571427,0.9002499999999999,0,150.0,5228,0.0,14,0.0003,0.02601787820458412,274
2250,-18.065634866666663,0.8931250000000002,0,150.0,5139,0.0,15,0.0003,0.016966724768280983,312
2400,-17.786087375,0.8859999999999999,0,150.0,5065,0.0,16,0.0003,0.004879243206232786,349
2550,-18.264262647058825,0.8788750000000002,0,150.0,5000,0.0,17,0.0003,0.013074547983705997,387
2700,-18.15630677777778,0.8717499999999999,0,150.0,4938,0.0,18,0.0003,0.004940889775753021,424
2850,-18.359357421052636,0.8646250000000002,0,150.0,4883,0.0,19,0.0003,0.009578283876180649,462
3000,-18.077960450000003,0.8574999999999999,0,150.0,4842,0.0,20,0.0003,0.009405196644365788,499
3150,-17.741180190476193,0.8503750000000001,0,150.0,4806,0.0,21,0.0003,0.021765567362308502,537
3300,-18.025740090909096,0.8432499999999998,0,150.0,4767,0.0,22,0.0003,0.011129756458103657,574
3450,-18.24252573913044,0.8361250000000001,0,150.0,4735,0.0,23,0.0003,0.007953858003020287,612
3600,-17.834923333333332,0.8289999999999998,0,150.0,4707,0.0,24,0.0003,0.01895471289753914,649
3750,-17.715437839999996,0.8218750000000001,0,150.0,4680,0.0,25,0.0003,0.029851075261831284,687
3900,-17.251096153846152,0.8147499999999999,0,150.0,4660,0.0,26,0.0003,0.012459233403205872,724
4050,-16.787166518518514,0.807625,0,150.0,4637,0.0,27,0.0003,0.033769190311431885,762
4200,-16.455638178571427,0.8004999999999999,0,150.0,4618,0.0,28,0.0003,0.025752156972885132,799
4350,-16.34039844827586,0.7933750000000002,0,150.0,4602,0.0,29,0.0003,0.018490394577383995,837
4500,-16.19155203333333,0.7862499999999998,0,150.0,4574,0.0,30,0.0003,0.015835637226700783,874
4650,-15.515889290322578,0.7791250000000001,1,150.0,4550,0.0,31,0.0003,0.029576826840639114,912
4800,-15.014309718749999,0.7719999999999998,1,150.0,4535,0.0,32,0.0003,0.02181210368871689,949
4950,-15.080259818181815,0.7648750000000001,1,150.0,4515,0.0,33,0.0003,0.014220388606190681,987
5100,-14.871491970588233,0.7577499999999998,1,150.0,4501,0.0,34,0.0003,0.056535545736551285,1024
5250,-14.692477857142856,0.7506250000000001,1,150.0,4487,0.0,35,0.0003,0.04279148206114769,1062
5400,-14.273662249999997,0.7434999999999998,1,150.0,4474,0.0,36,0.0003,0.03941735625267029,1099
5550,-14.02163205405405,0.736375,1,150.0,4459,0.0,37,0.0003,0.03533359616994858,1137
5700,-14.023731052631577,0.7292499999999997,1,150.0,4447,0.0,38,0.0003,0.030765820294618607,1174
5850,-14.225032974358973,0.7221250000000001,1,150.0,4433,0.0,39,0.0003,0.026782425120472908,1212
6000,-14.432787300000001,0.7149999999999997,1,150.0,4421,0.0,40,0.0003,0.02725101076066494,1249
6150,-14.486353317073172,0.707875,1,150.0,4410,0.0,41,0.0003,0.019430359825491905,1287
6300,-14.706471119047622,0.7007500000000003,1,150.0,4400,0.0,42,0.0003,0.02638084813952446,1324
6450,-14.325781488372096,0.693625,1,150.0,4391,0.0,43,0.0003,0.021695487201213837,1362
6600,-14.239011840909093,0.6864999999999998,1,150.0,4382,0.0,44,0.0003,0.024042075499892235,1399
6750,-13.98479426666667,0.6793750000000001,1,150.0,4370,0.0,45,0.0003,0.025444258004426956,1437
6900,-13.657839695652177,0.6722500000000002,1,150.0,4362,0.0,46,0.0003,0.020574091002345085,1474
7050,-13.918358978723406,0.665125,1,150.0,4353,0.0,47,0.0003,0.03365851193666458,1512
7200,-14.040887562500002,0.6580000000000004,1,150.0,4346,0.0,48,0.0003,0.03485899418592453,1549
7350,-13.997192918367348,0.650875,1,150.0,4336,0.0,49,0.0003,0.04515891522169113,1587
7500,-13.885326400000002,0.6437500000000003,1,150.0,4328,0.0,50,0.0003,0.03588537871837616,1624
7650,-13.921978843137255,0.636625,1,150.0,4320,0.0,51,0.0003,0.017776018008589745,1662
7800,-14.232265942307693,0.6295000000000002,1,150.0,4313,0.0,52,0.0003,0.020321469753980637,1699
7950,-14.1634050754717,0.6223749999999999,1,150.0,4305,0.0,53,0.0003,0.010925915092229843,1737
8100,-14.159292092592592,0.6152500000000002,1,150.0,4298,0.0,54,0.0003,0.052570946514606476,1774
8250,-14.2280018,0.608125,1,150.0,4293,0.0,55,0.0003,0.018230395391583443,1812
8400,-14.287482482142858,0.6010000000000002,1,150.0,4286,0.0,56,0.0003,0.015660738572478294,1849
8550,-14.22751442105263,0.5938749999999999,1,150.0,4279,0.0,57,0.0003,0.016392052173614502,1887
8700,-14.308293086206897,0.5867500000000002,2,150.0,4273,0.0,58,0.0003,0.024839291349053383,1924
8850,-14.292520237288135,0.5796249999999998,2,150.0,4264,0.0,59,0.0003,0.022289646789431572,1962
9000,-14.215916700000001,0.5725000000000002,2,150.0,4255,0.0,60,0.0003,0.052612412720918655,1999
9150,-14.27426062295082,0.565375,2,150.0,4248,0.0,61,0.0003,0.027219798415899277,2037
9300,-14.045024725806453,0.5582500000000001,2,150.0,4241,0.0,62,0.0003,0.04458531737327576,2074
9450,-14.171934714285715,0.5511249999999999,2,150.0,4234,0.0,63,0.0003,0.024352114647626877,2112
9600,-13.994733171875001,0.5440000000000002,2,150.0,4226,0.0,64,0.0003,0.025840364396572113,2149
9750,-14.11482467692308,0.5368749999999999,2,150.0,4219,0.0,65,0.0003,0.04634051024913788,2187
9900,-13.980005075757578,0.5297500000000002,2,150.0,4212,0.0,66,0.0003,0.05253176763653755,2224
10050,-13.848120089552241,0.5226249999999999,2,150.0,4206,0.0,67,0.0003,0.039021752774715424,2262
10200,-13.992039779411769,0.5155000000000002,2,150.0,4202,0.0,68,0.0003,0.026785869151353836,2299
10350,-13.99377742028986,0.5083749999999999,2,150.0,4196,0.0,69,0.0003,0.05875924229621887,2337
10500,-13.905298828571432,0.5012500000000002,2,150.0,4193,0.0,70,0.0003,0.035634301602840424,2374
10650,-13.81234811267606,0.4941249999999999,2,150.0,4188,0.0,71,0.0003,0.03372849524021149,2412
10800,-13.893057138888889,0.4870000000000001,2,150.0,4184,0.0,72,0.0003,0.0211768951267004,2449
10950,-13.65571512328767,0.47987499999999983,2,150.0,4178,0.0,73,0.0003,0.015129751525819302,2487
11100,-13.630356878378379,0.4727500000000001,2,150.0,4176,0.0,74,0.0003,0.020363224670290947,2524
11250,-13.612815906666668,0.46562499999999984,2,150.0,4171,0.0,75,0.0003,0.021396849304437637,2562
11400,-13.472716052631581,0.45850000000000013,2,150.0,4168,0.0,76,0.0003,0.021864119917154312,2599
11550,-13.617417051948054,0.45137499999999986,2,150.0,4163,0.0,77,0.0003,0.040935274213552475,2637
11700,-13.665775333333336,0.44425000000000014,2,150.0,4160,0.0,78,0.0003,0.03622742369771004,2674
11850,-13.667616215189875,0.4371249999999999,2,150.0,4155,0.0,79,0.0003,0.012934268452227116,2712
12000,-13.6081721875,0.43000000000000005,2,150.0,4151,0.0,80,0.0003,0.033280178904533386,2749
12150,-13.356340555555557,0.42287500000000033,2,150.0,4147,0.0,81,0.0003,0.023973653092980385,2787
12300,-13.408743378048781,0.41575000000000006,2,150.0,4143,0.0,82,0.0003,0.03370539844036102,2824
12450,-13.349052265060243,0.4086249999999998,3,150.0,4139,0.0,83,0.0003,0.023902764543890953,2862
12600,-13.402863166666666,0.4015000000000001,3,150.0,4136,0.0,84,0.0003,0.05327240377664566,2899
12750,-13.391009882352941,0.39437500000000036,3,150.0,4132,0.0,85,0.0003,0.027182510122656822,2937
12900,-13.42665861627907,0.3872500000000001,3,150.0,4129,0.0,86,0.0003,0.0197269469499588,2974
13050,-13.384042528735634,0.3801249999999997,3,150.0,4125,0.0,87,0.0003,0.03359183669090271,3012
13200,-13.524765977272729,0.373,3,150.0,4122,0.0,88,0.0003,0.032085537910461426,3049
13350,-13.45893070786517,0.3658750000000004,3,150.0,4118,0.0,89,0.0003,0.02838650904595852,3087
13500,-13.34481408888889,0.35875,3,150.0,4115,0.0,90,0.0003,0.04950112849473953,3124
13650,-13.32684154945055,0.35162499999999974,3,150.0,4111,0.0,91,0.0003,0.031947456300258636,3162
13800,-13.477284521739131,0.34450000000000003,3,150.0,4107,0.0,92,0.0003,0.028840700164437294,3199
13950,-13.643904989247313,0.3373750000000003,3,150.0,4103,0.0,93,0.0003,0.04306642338633537,3237
14100,-13.724915968085108,0.33024999999999993,3,150.0,4100,0.0,94,0.0003,0.041581399738788605,3274
14250,-13.794747452631581,0.3231250000000002,3,150.0,4096,0.0,95,0.0003,0.053362734615802765,3312
14400,-13.854575208333335,0.31600000000000006,3,150.0,4093,0.0,96,0.0003,0.037821926176548004,3349
14550,-13.779600278350516,0.30887500000000023,3,150.0,4089,0.0,97,0.0003,0.046643923968076706,3387
14700,-13.879159193877552,0.30174999999999996,3,150.0,4086,0.0,98,0.0003,0.06435974687337875,3424
14850,-14.028663232323234,0.29462500000000025,3,150.0,4070,0.0,99,0.0003,0.03289104253053665,3462
15000,-14.016458700000001,0.2875,3,150.0,4065,0.0,100,0.0003,0.023390190675854683,3499
15150,-14.05227853,0.28037500000000015,3,150.0,4060,0.0,101,0.0003,0.04043435677886009,3537
15300,-14.098424950000002,0.27325,3,150.0,4056,0.0,102,0.0003,0.06134999543428421,3574
15450,-14.07535131,0.2661250000000003,3,150.0,4052,0.0,103,0.0003,0.04717478156089783,3612
15600,-14.038648310000001,0.2589999999999999,3,150.0,4048,0.0,104,0.0003,0.029264384880661964,3649
15750,-13.85906822,0.2518750000000002,3,150.0,4043,0.0,105,0.0003,0.020779184997081757,3687
15900,-13.805097539999998,0.2447499999999999,3,150.0,4039,0.0,106,0.0003,0.022651251405477524,3724
16050,-13.648513779999996,0.2376250000000002,3,150.0,4035,0.0,107,0.0003,0.05797366797924042,3762
16200,-13.517630199999996,0.23049999999999982,4,150.0,4031,0.0,108,0.0003,0.03157024085521698,3799
16350,-13.479301829999997,0.2233750000000002,4,150.0,4027,0.0,109,0.0003,0.02938702329993248,3837
16500,-13.32031952,0.21624999999999994,4,150.0,4022,0.0,110,0.0003,0.03320148587226868,3874
16650,-13.11373259,0.20912500000000012,4,150.0,4017,0.0,111,0.0003,0.032552797347307205,3912
16800,-13.05843388,0.20199999999999996,4,150.0,4009,0.0,112,0.0003,0.04801366478204727,3949
16950,-12.908517169999998,0.19487500000000013,4,150.0,4003,0.0,113,0.0003,0.034186359494924545,3987
17100,-12.72607039,0.18774999999999986,4,150.0,3997,0.0,114,0.0003,0.04478078335523605,4024
17250,-12.563646789999998,0.18062500000000004,4,150.0,3990,0.0,115,0.0003,0.048844218254089355,4062
17400,-12.497699279999999,0.17350000000000043,4,150.0,3983,0.0,116,0.0003,0.05827119201421738,4099
17550,-12.278703959999998,0.16637500000000016,4,150.0,3979,0.0,117,0.0003,0.0400552824139595,4137
17700,-12.241524859999997,0.15924999999999978,4,150.0,3975,0.0,118,0.0003,0.04121224582195282,4174
17850,-12.25199611,0.15212500000000018,4,150.0,3971,0.0,119,0.0003,0.0391690731048584,4212
18000,-12.272536960000002,0.14500000000000035,4,150.0,3967,0.0,120,0.0003,0.01935163140296936,4249
18150,-12.29259706,0.13787500000000008,4,150.0,3963,0.0,121,0.0003,0.041824616491794586,4287
18300,-12.216264330000001,0.13074999999999992,4,150.0,3958,0.0,122,0.0003,0.0307609960436821,4324
18450,-12.09809926,0.1236250000000001,4,150.0,3954,0.0,123,0.0003,0.06191222369670868,4362
18600,-12.18736646,0.11650000000000038,4,150.0,3950,0.0,124,0.0003,0.021847937256097794,4399
18750,-12.34659375,0.10937500000000011,4,150.0,3946,0.0,125,0.0003,0.02536172978579998,4437
18900,-12.465926929999998,0.10224999999999984,4,150.0,3942,0.0,126,0.0003,0.03887004032731056,4474
19050,-12.595678059999997,0.09512500000000002,4,150.0,3937,0.0,127,0.0003,0.04908686876296997,4512
19200,-12.59261229,0.0880000000000003,4,150.0,3933,0.0,128,0.0003,0.016782192513346672,4549
19350,-12.678884899999998,0.08087500000000014,4,150.0,3929,0.0,129,0.0003,0.020782772451639175,4587
19500,-12.59913274,0.07374999999999976,4,150.0,3926,0.0,130,0.0003,0.04788131266832352,4624
19650,-12.78446813,0.06662500000000005,5,150.0,3922,0.0,131,0.0003,0.044334761798381805,4662
19800,-12.76703015,0.05950000000000033,5,150.0,3918,0.0,132,0.0003,0.033268898725509644,4699
19950,-12.726856180000002,0.05237500000000006,5,150.0,3914,0.0,133,0.0003,0.036007773131132126,4737
20100,-12.966657190000003,0.05,5,150.0,3910,0.0,134,0.0003,0.032094307243824005,4774
20250,-13.05502944,0.05,5,150.0,3906,0.0,135,0.0003,0.03602171689271927,4812
20400,-12.973102869999998,0.05,5,150.0,3860,0.01,136,0.0003,0.02066802978515625,4849
20550,-13.270703379999997,0.05,5,150.0,3857,0.01,137,0.0003,0.035959936678409576,4887
20700,-13.14842946,0.05,5,150.0,3855,0.01,138,0.0003,0.035777732729911804,4924
20850,-13.093044459999996,0.05,5,150.0,3852,0.01,139,0.0003,0.040775373578071594,4962
21000,-13.0817535,0.05,5,150.0,3850,0.01,140,0.0003,0.03598905727267265,4999
21150,-12.973234079999997,0.05,5,150.0,3848,0.01,141,0.0003,0.040842458605766296,5037
21300,-12.72255531,0.05,5,150.0,3846,0.01,142,0.0003,0.035145752131938934,5074
21450,-12.682213239999996,0.05,5,150.0,3844,0.01,143,0.0003,0.039765939116477966,5112
21600,-12.57972472,0.05,5,150.0,3841,0.01,144,0.0003,0.03804164379835129,5149
21750,-12.616842609999999,0.05,5,150.0,3839,0.01,145,0.0003,0.017505355179309845,5187
21900,-12.817005199999999,0.05,5,150.0,3836,0.01,146,0.0003,0.02661900967359543,5224
22050,-12.707849799999996,0.05,5,150.0,3834,0.01,147,0.0003,0.03677793964743614,5262
22200,-12.544000049999998,0.05,5,150.0,3832,0.01,148,0.0003,0.034608229994773865,5299
22350,-12.651538409999999,0.05,5,150.0,3829,0.01,149,0.0003,0.02965942770242691,5337
22500,-12.818724399999999,0.05,5,150.0,3828,0.01,150,0.0003,0.022808576002717018,5374
22650,-12.83341897,0.05,5,150.0,3826,0.01,151,0.0003,0.06751924008131027,5412
22800,-12.621602140000002,0.05,5,150.0,3823,0.01,152,0.0003,0.06926558166742325,5449
22950,-12.515004520000002,0.05,6,150.0,3821,0.01,153,0.0003,0.04910856485366821,5487
23100,-12.347553560000001,0.05,6,150.0,3820,0.01,154,0.0003,0.03518319129943848,5524
23250,-12.272378600000001,0.05,6,150.0,3818,0.01,155,0.0003,0.043874725699424744,5562
23400,-12.275725920000003,0.05,6,150.0,3816,0.01,156,0.0003,0.024269871413707733,5599
23550,-12.105352090000002,0.05,6,150.0,3815,0.02,157,0.0003,0.012528485618531704,5637
23700,-11.82170278,0.05,6,150.0,3813,0.02,158,0.0003,0.025404315441846848,5674
23850,-11.842109659999998,0.05,6,150.0,3812,0.02,159,0.0003,0.03449711948633194,5712
24000,-11.73566125,0.05,6,150.0,3810,0.02,160,0.0003,0.03087705560028553,5749
24150,-11.87189737,0.05,6,150.0,3807,0.02,161,0.0003,0.06662184000015259,5787
24300,-11.989414739999999,0.05,6,150.0,3806,0.02,162,0.0003,0.04485265538096428,5824
24450,-11.840824660000001,0.05,6,150.0,3804,0.02,163,0.0003,0.05059941112995148,5862
24600,-11.790296030000002,0.05,6,150.0,3802,0.02,164,0.0003,0.019265972077846527,5899
24750,-11.818354220000003,0.05,6,150.0,3801,0.02,165,0.0003,0.04592685401439667,5937
24900,-12.080266510000003,0.05,6,150.0,3799,0.02,166,0.0003,0.05580291152000427,5974
25050,-12.31041565,0.05,6,150.0,3792,0.02,167,0.0003,0.04076124727725983,6012
25200,-11.92103514,0.05,6,150.0,3790,0.03,168,0.0003,0.04808902367949486,6049
25350,-12.022334350000001,0.05,6,150.0,3789,0.03,169,0.0003,0.054996028542518616,6087
25500,-12.067070440000002,0.05,6,150.0,3788,0.03,170,0.0003,0.0378885380923748,6124
25650,-12.019894700000002,0.05,6,150.0,3786,0.03,171,0.0003,0.07728304713964462,6162
25800,-12.187430290000002,0.05,6,150.0,3785,0.03,172,0.0003,0.03651193529367447,6199
25950,-12.342841480000002,0.05,6,150.0,3784,0.03,173,0.0003,0.030445093289017677,6237
26100,-12.39858829,0.05,6,150.0,3783,0.03,174,0.0003,0.038034506142139435,6274
26250,-12.55237124,0.05,6,150.0,3781,0.03,175,0.0003,0.04360143840312958,6312
26400,-12.70718709,0.05,6,150.0,3780,0.03,176,0.0003,0.031623922288417816,6349
26550,-12.40036447,0.05,7,150.0,3778,0.03,177,0.0003,0.06510825455188751,6387
26700,-12.460952919999997,0.05,7,150.0,3777,0.03,178,0.0003,0.02734958939254284,6424
26850,-12.458222679999997,0.05,7,150.0,3775,0.03,179,0.0003,0.05067349225282669,6462
27000,-12.505865479999997,0.05,7,150.0,3774,0.03,180,0.0003,0.05940457060933113,6499
27150,-12.614780749999998,0.05,7,150.0,3772,0.03,181,0.0003,0.04290222376585007,6537
27300,-12.567951269999998,0.05,7,150.0,3771,0.03,182,0.0003,0.03384379297494888,6574
27450,-12.51172004,0.05,7,150.0,3770,0.03,183,0.0003,0.02764679118990898,6612
27600,-12.64454987,0.05,7,150.0,3768,0.03,184,0.0003,0.020266426727175713,6649
27750,-12.620203419999998,0.05,7,150.0,3767,0.03,185,0.0003,0.06601731479167938,6687
27900,-12.56678011,0.05,7,150.0,3766,0.03,186,0.0003,0.05462755635380745,6724
28050,-12.483516190000003,0.05,7,150.0,3764,0.03,187,0.0003,0.03328094258904457,6762
28200,-12.290118940000003,0.05,7,150.0,3763,0.03,188,0.0003,0.029651910066604614,6799
28350,-12.252711800000002,0.05,7,150.0,3762,0.03,189,0.0003,0.026814967393875122,6837
28500,-12.407673660000006,0.05,7,150.0,3761,0.03,190,0.0003,0.02453245222568512,6874
28650,-12.378292930000004,0.05,7,150.0,3759,0.03,191,0.0003,0.028512313961982727,6912
28800,-12.277370270000004,0.05,7,150.0,3758,0.03,192,0.0003,0.03621332719922066,6949
28950,-12.106748120000002,0.05,7,150.0,3754,0.03,193,0.0003,0.021967321634292603,6987
29100,-11.93059228,0.05,7,150.0,3753,0.03,194,0.0003,0.022129788994789124,7024
29250,-11.78728171,0.05,7,150.0,3752,0.03,195,0.0003,0.03427674248814583,7062
29400,-11.57714049,0.05,7,150.0,3750,0.03,196,0.0003,0.023343533277511597,7099
29550,-11.819472399999997,0.05,7,150.0,3749,0.03,197,0.0003,0.09070946276187897,7137
29700,-11.709213740000001,0.05,7,150.0,3747,0.03,198,0.0003,0.02313602901995182,7174
29850,-11.456883420000002,0.05,7,150.0,3746,0.03,199,0.0003,0.04826325178146362,7212
30000,-11.587717889999999,0.05,8,150.0,3738,0.03,200,0.0003,0.021882299333810806,7249
30150,-11.27359073,0.05,8,150.0,3736,0.04,201,0.0003,0.022043075412511826,7287
30300,-11.27150098,0.05,8,150.0,3735,0.04,202,0.0003,0.06231497973203659,7324
30450,-11.220048859999999,0.05,8,150.0,3733,0.04,203,0.0003,0.05557166785001755,7362
30600,-11.412265620000001,0.05,8,150.0,3732,0.04,204,0.0003,0.028658147901296616,7399
30750,-11.59481233,0.05,8,150.0,3731,0.04,205,0.0003,0.05121329426765442,7437
30900,-11.58568643,0.05,8,150.0,3729,0.04,206,0.0003,0.046539828181266785,7474
31050,-11.742694689999999,0.05,8,150.0,3728,0.04,207,0.0003,0.04923485964536667,7512
31200,-11.71229437,0.05,8,150.0,3727,0.04,208,0.0003,0.029074914753437042,7549
31350,-11.618152960000002,0.05,8,150.0,3726,0.04,209,0.0003,0.16874876618385315,7587
31500,-11.744103740000003,0.05,8,150.0,3726,0.04,210,0.0003,0.035357341170310974,7624
31650,-11.574185210000003,0.05,8,150.0,3725,0.05,211,0.0003,0.033986978232860565,7662
31800,-11.409647550000003,0.05,8,150.0,3724,0.05,212,0.0003,0.03316729888319969,7699
31950,-11.53254477,0.05,8,150.0,3723,0.05,213,0.0003,0.02757149562239647,7737
32100,-11.657757409999999,0.05,8,150.0,3722,0.05,214,0.0003,0.037200670689344406,7774
32250,-11.7294381,0.05,8,150.0,3721,0.05,215,0.0003,0.10170504450798035,7812
32400,-11.756009719999998,0.05,8,150.0,3720,0.05,216,0.0003,0.04843762144446373,7849
32550,-11.819365359999997,0.05,8,150.0,3719,0.05,217,0.0003,0.0248162392526865,7887
32700,-11.52834551,0.05,8,150.0,3718,0.06,218,0.0003,0.03431922197341919,7924
32850,-11.321051989999999,0.05,8,150.0,3717,0.06,219,0.0003,0.04232422262430191,7962
33000,-11.37806541,0.05,8,150.0,3717,0.06,220,0.0003,0.023820042610168457,7999
33150,-11.446542929999998,0.05,8,150.0,3716,0.06,221,0.0003,0.032248660922050476,8037
33300,-11.27475826,0.05,8,150.0,3715,0.06,222,0.0003,0.03238460421562195,8074
33450,-11.481383759999998,0.05,9,150.0,3713,0.06,223,0.0003,0.03620907664299011,8112
33600,-11.405624699999999,0.05,9,150.0,3712,0.06,224,0.0003,0.034725092351436615,8149
33750,-11.1623968,0.05,9,150.0,3711,0.06,225,0.0003,0.03075641579926014,8187
33900,-11.06129547,0.05,9,150.0,3711,0.06,226,0.0003,0.05531442537903786,8224
34050,-10.987158250000002,0.05,9,150.0,3709,0.06,227,0.0003,0.05437230318784714,8262
34200,-10.997448020000002,0.05,9,150.0,3709,0.06,228,0.0003,0.07159518450498581,8299
34350,-10.860279920000004,0.05,9,150.0,3708,0.06,229,0.0003,0.03681182116270065,8337
34500,-10.845774150000004,0.05,9,150.0,3707,0.06,230,0.0003,0.03713127225637436,8374
34650,-10.771405420000002,0.05,9,150.0,3705,0.06,231,0.0003,0.04007265344262123,8412
34800,-10.702837860000002,0.05,9,150.0,3704,0.06,232,0.0003,0.05176948010921478,8449
34950,-10.771525380000003,0.05,9,150.0,3703,0.06,233,0.0003,0.031852129846811295,8487
35100,-10.503630220000002,0.05,9,150.0,3702,0.06,234,0.0003,0.040306925773620605,8524
35250,-10.52789473,0.05,9,150.0,3702,0.06,235,0.0003,0.03393225371837616,8562
35400,-10.82997749,0.05,9,150.0,3701,0.05,236,0.0003,0.026803744956851006,8599
35550,-10.66835072,0.05,9,150.0,3700,0.05,237,0.0003,0.030614454299211502,8637
35700,-10.863527359999999,0.05,9,150.0,3699,0.05,238,0.0003,0.05983784422278404,8674
35850,-10.63551326,0.05,9,150.0,3698,0.05,239,0.0003,0.03213939815759659,8712
36000,-10.27209723,0.05,9,150.0,3697,0.06,240,0.0003,0.03872313350439072,8749
36150,-10.17147655,0.05,9,150.0,3697,0.06,241,0.0003,0.035006083548069,8787
36300,-10.313052410000001,0.05,9,150.0,3696,0.06,242,0.0003,0.046461835503578186,8824
36450,-10.327988589999997,0.05,9,150.0,3695,0.06,243,0.0003,0.052017632871866226,8862
36600,-10.689850349999995,0.05,9,150.0,3694,0.06,244,0.0003,0.044680528342723846,8899
36750,-10.515557029999998,0.05,9,150.0,3693,0.07,245,0.0003,0.036906737834215164,8937
36900,-10.419327860000001,0.05,9,150.0,3693,0.07,246,0.0003,0.026743866503238678,8974
37050,-10.4177678,0.05,10,150.0,3692,0.07,247,0.0003,0.058646708726882935,9012
37200,-10.42915556,0.05,10,150.0,3692,0.07,248,0.0003,0.04093609005212784,9049
37350,-10.2795352,0.05,10,150.0,3691,0.07,249,0.0003,0.031254999339580536,9087
37500,-10.19945774,0.05,10,150.0,3691,0.07,250,0.0003,0.029283853247761726,9124
37650,-10.16460601,0.05,10,150.0,3690,0.07,251,0.0003,0.04982897639274597,9162
37800,-10.236662030000002,0.05,10,150.0,3690,0.07,252,0.0003,0.02842739224433899,9199
37950,-10.14085706,0.05,10,150.0,3690,0.08,253,0.0003,0.06263880431652069,9237
38100,-10.2631871,0.05,10,150.0,3689,0.08,254,0.0003,0.04663649573922157,9274
38250,-10.269709280000002,0.05,10,150.0,3688,0.08,255,0.0003,0.06622064858675003,9312
38400,-10.16938685,0.05,10,150.0,3687,0.08,256,0.0003,0.0534253865480423,9349
38550,-10.334323939999999,0.05,10,150.0,3686,0.07,257,0.0003,0.04314929246902466,9387
38700,-10.520673170000002,0.05,10,150.0,3685,0.07,258,0.0003,0.11419752240180969,9424
38850,-10.262819839999999,0.05,10,150.0,3684,0.07,259,0.0003,0.0261986181139946,9462
39000,-10.43170367,0.05,10,150.0,3684,0.07,260,0.0003,0.02740437164902687,9499
39150,-10.25175228,0.05,10,150.0,3679,0.07,261,0.0003,0.041373156011104584,9537
39300,-9.98133585,0.05,10,150.0,3679,0.08,262,0.0003,0.025593042373657227,9574
39450,-10.04485604,0.05,10,150.0,3678,0.08,263,0.0003,0.06326742470264435,9612
39600,-10.15200755,0.05,10,150.0,3678,0.08,264,0.0003,0.061520688235759735,9649
39750,-10.04161663,0.05,10,150.0,3678,0.08,265,0.0003,0.05790654569864273,9687
39900,-9.615949480000001,0.05,10,150.0,3677,0.09,266,0.0003,0.040717653930187225,9724
40050,-9.4267031,0.05,10,150.0,3677,0.09,267,0.0003,0.047533661127090454,9762
40200,-9.728069259999998,0.05,10,150.0,3677,0.08,268,0.0003,0.028732094913721085,9799
40350,-9.345180769999999,0.05,10,150.0,3676,0.09,269,0.0003,0.03118695691227913,9837
40500,-9.18800113,0.05,11,150.0,3676,0.09,270,0.0003,0.0551755465567112,9874
40650,-9.223147899999999,0.05,11,150.0,3675,0.09,271,0.0003,0.035891324281692505,9912
40800,-8.97439636,0.05,11,150.0,3675,0.09,272,0.0003,0.07375967502593994,9949
40950,-9.060631350000001,0.05,11,150.0,3674,0.09,273,0.0003,0.039040226489305496,9987
41100,-8.7989204,0.05,11,150.0,3674,0.1,274,0.0003,0.057304006069898605,10024
41250,-8.65208499,0.05,11,150.0,3673,0.1,275,0.0003,0.0446973517537117,10062
41400,-8.58944787,0.05,11,150.0,3673,0.1,276,0.0003,0.024654725566506386,10099
41550,-8.68505602,0.05,11,150.0,3672,0.1,277,0.0003,0.04338397458195686,10137
41700,-8.493541019999999,0.05,11,150.0,3671,0.1,278,0.0003,0.07929354906082153,10174
41850,-8.19873868,0.05,11,150.0,3670,0.11,279,0.0003,0.07694312185049057,10212
42000,-8.278833039999999,0.05,11,150.0,3670,0.11,280,0.0003,0.053759701550006866,10249
42150,-8.335715699999998,0.05,11,150.0,3669,0.11,281,0.0003,0.05382354184985161,10287
42300,-8.21822052,0.05,11,150.0,3669,0.11,282,0.0003,0.045572806149721146,10324
42450,-8.195591009999998,0.05,11,150.0,3668,0.11,283,0.0003,0.033109381794929504,10362
42600,-7.954843789999999,0.05,11,150.0,3668,0.11,284,0.0003,0.052238013595342636,10399
42750,-7.858090650000001,0.05,11,150.0,3667,0.11,285,0.0003,0.03308543190360069,10437
42900,-7.72928203,0.05,11,150.0,3667,0.11,286,0.0003,0.03133559599518776,10474
43050,-7.616622330000001,0.05,11,150.0,3667,0.11,287,0.0003,0.012803597375750542,10512
43200,-7.77854299,0.05,11,150.0,3666,0.11,288,0.0003,0.06295261532068253,10549
43350,-7.742585259999999,0.05,11,150.0,3666,0.11,289,0.0003,0.060107409954071045,10587
43500,-7.58472635,0.05,11,150.0,3666,0.11,290,0.0003,0.047837961465120316,10624
43650,-7.61529502,0.05,11,150.0,3665,0.11,291,0.0003,0.04847495257854462,10662
43800,-7.286923010000001,0.05,11,150.0,3665,0.12,292,0.0003,0.05919617787003517,10699
43950,-7.377243349999999,0.05,11,150.0,3665,0.12,293,0.0003,0.026015594601631165,10737
44100,-7.197880550000001,0.05,12,150.0,3665,0.13,294,0.0003,0.03699259087443352,10774
44250,-7.371096029999999,0.05,12,150.0,3664,0.13,295,0.0003,0.12454508244991302,10812
44400,-7.37392232,0.05,12,150.0,3664,0.13,296,0.0003,0.037150658667087555,10849
44550,-7.324983429999999,0.05,12,150.0,3664,0.13,297,0.0003,0.03510083258152008,10887
44700,-7.248985829999999,0.05,12,150.0,3664,0.13,298,0.0003,0.03497537598013878,10924
44850,-7.044815659999999,0.05,12,150.0,3663,0.14,299,0.0003,0.04981151968240738,10962
45000,-6.848004829999999,0.05,12,150.0,3662,0.14,300,0.0003,0.06119055300951004,10999
45150,-7.087734169999999,0.05,12,150.0,3661,0.13,301,0.0003,0.08464261144399643,11037
45300,-6.968280839999998,0.05,12,150.0,3661,0.13,302,0.0003,0.06237419694662094,11074
45450,-6.9889733299999985,0.05,12,150.0,3660,0.13,303,0.0003,0.11426646262407303,11112
45600,-6.514131709999999,0.05,12,150.0,3660,0.14,304,0.0003,0.06135864555835724,11149
45750,-6.3663658199999995,0.05,12,150.0,3659,0.14,305,0.0003,0.037460941821336746,11187
45900,-6.41405124,0.05,12,150.0,3659,0.14,306,0.0003,0.08062892407178879,11224
46050,-6.45370547,0.05,12,150.0,3659,0.14,307,0.0003,0.06426870077848434,11262
46200,-6.4447890800000005,0.05,12,150.0,3658,0.14,308,0.0003,0.054717935621738434,11299
46350,-6.50138707,0.05,12,150.0,3658,0.14,309,0.0003,0.07030997425317764,11337
46500,-6.53375591,0.05,12,150.0,3657,0.14,310,0.0003,0.04156481474637985,11374
46650,-6.89584484,0.05,12,150.0,3657,0.13,311,0.0003,0.02709280326962471,11412
46800,-6.884692139999999,0.05,12,150.0,3656,0.13,312,0.0003,0.0672711431980133,11449
46950,-6.827942919999999,0.05,12,150.0,3656,0.13,313,0.0003,0.06239453703165054,11487
47100,-6.85193846,0.05,12,150.0,3656,0.13,314,0.0003,0.04011546075344086,11524
47250,-6.64685877,0.05,12,150.0,3655,0.14,315,0.0003,0.06942890584468842,11562
47400,-6.497386549999999,0.05,12,150.0,3655,0.14,316,0.0003,0.02632683701813221,11599
47550,-6.370299989999999,0.05,13,150.0,3654,0.14,317,0.0003,0.06980181485414505,11637
47700,-6.44356311,0.05,13,150.0,3654,0.14,318,0.0003,0.03069137968122959,11674
47850,-6.57985953,0.05,13,150.0,3653,0.14,319,0.0003,0.051077794283628464,11712
48000,-6.530272589999999,0.05,13,150.0,3653,0.14,320,0.0003,0.015628211200237274,11749
48150,-6.375229459999999,0.05,13,150.0,3652,0.14,321,0.0003,0.05635402351617813,11787
48300,-6.46962858,0.05,13,150.0,3652,0.14,322,0.0003,0.034818653017282486,11824
48450,-6.114715179999999,0.05,13,150.0,3651,0.14,323,0.0003,0.05567797273397446,11862
48600,-5.990135570000001,0.05,13,150.0,3651,0.14,324,0.0003,0.04422778636217117,11899
48750,-5.764102880000001,0.05,13,150.0,3650,0.15,325,0.0003,0.030570410192012787,11937
48900,-5.623808240000002,0.05,13,150.0,3650,0.16,326,0.0003,0.056777678430080414,11974
49050,-5.625932180000001,0.05,13,150.0,3650,0.16,327,0.0003,0.04603363201022148,12012
49200,-5.440001170000001,0.05,13,150.0,3649,0.17,328,0.0003,0.036346811801195145,12049
49350,-5.4376451800000005,0.05,13,150.0,3649,0.17,329,0.0003,0.0429837629199028,12087
49500,-5.390989970000001,0.05,13,150.0,3649,0.17,330,0.0003,0.028393544256687164,12124
49650,-5.38566276,0.05,13,150.0,3648,0.17,331,0.0003,0.06696473807096481,12162
49800,-5.35496369,0.05,13,150.0,3648,0.18,332,0.0003,0.041329801082611084,12199
49950,-5.2841819999999995,0.05,13,150.0,3648,0.18,333,0.0003,0.049862489104270935,12237
50100,-5.17887174,0.05,13,150.0,3647,0.18,334,0.0003,0.022213902324438095,12274
50250,-5.10999654,0.05,13,150.0,3647,0.18,335,0.0003,0.033649031072854996,12312
50400,-4.740716699999999,0.05,13,150.0,3646,0.19,336,0.0003,0.04846872761845589,12349
50550,-4.703152159999999,0.05,13,150.0,3646,0.19,337,0.0003,0.07565340399742126,12387
50700,-4.44683009,0.05,13,150.0,3646,0.19,338,0.0003,0.050801001489162445,12424
50850,-4.48788994,0.05,13,150.0,3646,0.19,339,0.0003,0.05340497940778732,12462
51000,-4.7839192,0.05,13,150.0,3645,0.18,340,0.0003,0.035929035395383835,12499
51150,-4.78309784,0.05,14,150.0,3645,0.18,341,0.0003,0.07931105047464371,12537
51300,-4.68715905,0.05,14,150.0,3644,0.18,342,0.0003,0.11895397305488586,12574
51450,-4.8782437199999995,0.05,14,150.0,3644,0.18,343,0.0003,0.02147301845252514,12612
51600,-4.731642450000001,0.05,14,150.0,3643,0.18,344,0.0003,0.01734073832631111,12649
51750,-4.99444879,0.05,14,150.0,3643,0.17,345,0.0003,0.07449396699666977,12687
51900,-5.14977526,0.05,14,150.0,3642,0.17,346,0.0003,0.03225922957062721,12724
52050,-5.02528918,0.05,14,150.0,3640,0.17,347,0.0003,0.06483027338981628,12762
52200,-5.130071689999999,0.05,14,150.0,3640,0.17,348,0.0003,0.030022233724594116,12799
52350,-4.953666180000001,0.05,14,150.0,3639,0.17,349,0.0003,0.037043891847133636,12837
52500,-4.96871824,0.05,14,150.0,3639,0.17,350,0.0003,0.07283810526132584,12874
52650,-4.906982060000002,0.05,14,150.0,3639,0.17,351,0.0003,0.053789615631103516,12912
52800,-4.714800370000001,0.05,14,150.0,3638,0.17,352,0.0003,0.041804760694503784,12949
52950,-4.789595850000001,0.05,14,150.0,3638,0.16,353,0.0003,0.07932785153388977,12987
53100,-4.87902541,0.05,14,150.0,3637,0.16,354,0.0003,0.06687426567077637,13024
53250,-4.86645277,0.05,14,150.0,3637,0.16,355,0.0003,0.04794527217745781,13062
53400,-4.84304865,0.05,14,150.0,3637,0.16,356,0.0003,0.06001560017466545,13099
53550,-4.74749433,0.05,14,150.0,3637,0.16,357,0.0003,0.04828376695513725,13137
53700,-4.66378267,0.05,14,150.0,3637,0.16,358,0.0003,0.02592410333454609,13174
53850,-4.88140535,0.05,14,150.0,3636,0.16,359,0.0003,0.03296908736228943,13212
54000,-4.91008919,0.05,14,150.0,3635,0.16,360,0.0003,0.07219202071428299,13249
54150,-5.01445496,0.05,14,150.0,3635,0.16,361,0.0003,0.04104936122894287,13287
54300,-5.30793709,0.05,14,150.0,3635,0.15,362,0.0003,0.04074522480368614,13324
54450,-5.12596614,0.05,14,150.0,3634,0.15,363,0.0003,0.05608062446117401,13362
54600,-5.087155429999999,0.05,15,150.0,3634,0.15,364,0.0003,0.07195257395505905,13399
54750,-5.084493980000001,0.05,15,150.0,3634,0.15,365,0.0003,0.06107071787118912,13437
54900,-5.1468793900000005,0.05,15,150.0,3634,0.15,366,0.0003,0.06042410433292389,13474
55050,-5.09679689,0.05,15,150.0,3633,0.15,367,0.0003,0.05560227110981941,13512
55200,-4.94542818,0.05,15,150.0,3632,0.15,368,0.0003,0.08850036561489105,13549
55350,-5.15964149,0.05,15,150.0,3632,0.14,369,0.0003,0.031999923288822174,13587
55500,-5.27173761,0.05,15,150.0,3632,0.14,370,0.0003,0.05368802696466446,13624
55650,-5.11576743,0.05,15,150.0,3630,0.14,371,0.0003,0.024144122377038002,13662
55800,-5.104814350000001,0.05,15,150.0,3630,0.14,372,0.0003,0.04460443928837776,13699
55950,-5.0127080699999995,0.05,15,150.0,3629,0.14,373,0.0003,0.13280008733272552,13737
56100,-5.017212130000001,0.05,15,150.0,3629,0.14,374,0.0003,0.11973864585161209,13774
56250,-5.02620874,0.05,15,150.0,3628,0.14,375,0.0003,0.08031198382377625,13812
56400,-4.99905828,0.05,15,150.0,3628,0.14,376,0.0003,0.03862642124295235,13849
56550,-4.96139478,0.05,15,150.0,3617,0.14,377,0.0003,0.06380625814199448,13887
56700,-4.85853522,0.05,15,150.0,3617,0.14,378,0.0003,0.05384926125407219,13924
56850,-5.118927640000001,0.05,15,150.0,3616,0.13,379,0.0003,0.035087700933218,13962
57000,-5.09466367,0.05,15,150.0,3616,0.13,380,0.0003,0.03638794645667076,13999
57150,-4.86572676,0.05,15,150.0,3615,0.14,381,0.0003,0.05248081684112549,14037
57300,-4.942983460000001,0.05,15,150.0,3615,0.14,382,0.0003,0.02789178490638733,14074
57450,-4.951622759999999,0.05,15,150.0,3614,0.14,383,0.0003,0.12200181186199188,14112
57600,-4.886434169999999,0.05,15,150.0,3613,0.14,384,0.0003,0.03504272922873497,14149
57750,-4.988164199999999,0.05,15,150.0,3613,0.14,385,0.0003,0.04485499486327171,14187
57900,-5.294204049999999,0.05,16,150.0,3612,0.14,386,0.0003,0.04752161726355553,14224
58050,-5.54707791,0.05,16,150.0,3612,0.14,387,0.0003,0.04240381345152855,14262
58200,-5.232539740000001,0.05,16,150.0,3612,0.15,388,0.0003,0.060425326228141785,14299
58350,-5.40377411,0.05,16,150.0,3609,0.15,389,0.0003,0.04195396602153778,14337
58500,-5.21689182,0.05,16,150.0,3608,0.16,390,0.0003,0.058190807700157166,14374
58650,-5.11440553,0.05,16,150.0,3607,0.16,391,0.0003,0.02820226363837719,14412
58800,-5.207354319999999,0.05,16,150.0,3607,0.15,392,0.0003,0.049343787133693695,14449
58950,-4.985495639999999,0.05,16,150.0,3606,0.15,393,0.0003,0.04738287255167961,14487
59100,-4.975144259999999,0.05,16,150.0,3606,0.15,394,0.0003,0.06020049750804901,14524
59250,-4.80883637,0.05,16,150.0,3606,0.15,395,0.0003,0.04203127697110176,14562
59400,-4.8587913999999985,0.05,16,150.0,3606,0.15,396,0.0003,0.04891541600227356,14599
59550,-4.8336332099999995,0.05,16,150.0,3605,0.15,397,0.0003,0.03833523020148277,14637
59700,-4.762527399999999,0.05,16,150.0,3605,0.15,398,0.0003,0.02494567260146141,14674
59850,-5.205185359999999,0.05,16,150.0,3604,0.14,399,0.0003,0.03711400181055069,14712
60000,-5.3003379499999985,0.05,16,150.0,3604,0.14,400,0.0003,0.05211407691240311,14749
60150,-5.254521979999998,0.05,16,150.0,3604,0.14,401,0.0003,0.07704399526119232,14787
60300,-5.252658569999999,0.05,16,150.0,3604,0.14,402,0.0003,0.07288236916065216,14824
60450,-5.1857706199999996,0.05,16,150.0,3603,0.14,403,0.0003,0.06566676497459412,14862
60600,-5.3423310399999995,0.05,16,150.0,3603,0.13,404,0.0003,0.051337823271751404,14899
60750,-5.408308659999998,0.05,16,150.0,3603,0.13,405,0.0003,0.05388154089450836,14937
60900,-5.623670579999998,0.05,16,150.0,3602,0.13,406,0.0003,0.07860568165779114,14974
61050,-5.55937522,0.05,16,150.0,3602,0.13,407,0.0003,0.043238118290901184,15012
61200,-5.58400881,0.05,16,150.0,3602,0.13,408,0.0003,0.05888673663139343,15049
61350,-5.603948499999999,0.05,17,150.0,3601,0.13,409,0.0003,0.04321214556694031,15087
61500,-5.52371914,0.05,17,150.0,3601,0.13,410,0.0003,0.08034762740135193,15124
61650,-5.3987862799999995,0.05,17,150.0,3600,0.13,411,0.0003,0.12923642992973328,15162
61800,-5.233634939999999,0.05,17,150.0,3600,0.14,412,0.0003,0.0817338079214096,15199
61950,-5.22841949,0.05,17,150.0,3599,0.14,413,0.0003,0.05490880459547043,15237
62100,-5.2727954299999995,0.05,17,150.0,3599,0.14,414,0.0003,0.04005854204297066,15274
62250,-5.42614841,0.05,17,150.0,3599,0.13,415,0.0003,0.018261730670928955,15312
62400,-5.32838166,0.05,17,150.0,3599,0.14,416,0.0003,0.07437154650688171,15349
62550,-5.356996099999999,0.05,17,150.0,3598,0.14,417,0.0003,0.05774371325969696,15387
62700,-5.55668633,0.05,17,150.0,3598,0.13,418,0.0003,0.046201348304748535,15424
62850,-5.408087779999999,0.05,17,150.0,3598,0.13,419,0.0003,0.06544648855924606,15462
63000,-5.17483942,0.05,17,150.0,3598,0.13,420,0.0003,0.0545940026640892,15499
63150,-5.13884413,0.05,17,150.0,3597,0.13,421,0.0003,0.05412943661212921,15537
63300,-5.096278369999999,0.05,17,150.0,3597,0.13,422,0.0003,0.047845508903265,15574
63450,-5.028249829999999,0.05,17,150.0,3597,0.14,423,0.0003,0.05800895765423775,15612
63600,-5.09572035,0.05,17,150.0,3596,0.14,424,0.0003,0.05901110917329788,15649
63750,-5.210625940000001,0.05,17,150.0,3596,0.13,425,0.0003,0.062115542590618134,15687
63900,-5.32562897,0.05,17,150.0,3596,0.12,426,0.0003,0.05873139202594757,15724
64050,-5.412591610000001,0.05,17,150.0,3596,0.12,427,0.0003,0.05301223322749138,15762
64200,-5.538287159999999,0.05,17,150.0,3595,0.11,428,0.0003,0.07675859332084656,15799
64350,-5.520522940000001,0.05,17,150.0,3595,0.11,429,0.0003,0.05735727399587631,15837
64500,-5.394752039999999,0.05,17,150.0,3595,0.12,430,0.0003,0.1043991819024086,15874
64650,-5.532998929999999,0.05,17,150.0,3594,0.12,431,0.0003,0.02719876915216446,15912
64800,-5.77958209,0.05,18,150.0,3594,0.11,432,0.0003,0.03244048357009888,15949
64950,-5.80863556,0.05,18,150.0,3594,0.11,433,0.0003,0.0670524314045906,15987
65100,-5.9826970500000005,0.05,18,150.0,3594,0.11,434,0.0003,0.027670584619045258,16024
65250,-6.03826848,0.05,18,150.0,3594,0.11,435,0.0003,0.0544036403298378,16062
65400,-6.31572821,0.05,18,150.0,3593,0.1,436,0.0003,0.04922301694750786,16099
65550,-6.018878010000001,0.05,18,150.0,3593,0.11,437,0.0003,0.053072065114974976,16137
65700,-6.160385209999999,0.05,18,150.0,3593,0.11,438,0.0003,0.01763148605823517,16174
65850,-6.19565067,0.05,18,150.0,3592,0.11,439,0.0003,0.06661257147789001,16212
66000,-6.054839620000001,0.05,18,150.0,3592,0.11,440,0.0003,0.03570899739861488,16249
66150,-6.185136170000001,0.05,18,150.0,3592,0.11,441,0.0003,0.05568176880478859,16287
66300,-6.36580204,0.05,18,150.0,3591,0.11,442,0.0003,0.15855607390403748,16324
66450,-6.115069719999999,0.05,18,150.0,3591,0.11,443,0.0003,0.03717299923300743,16362
66600,-5.87165543,0.05,18,150.0,3591,0.11,444,0.0003,0.05920080840587616,16399
66750,-5.807586629999999,0.05,18,150.0,3591,0.11,445,0.0003,0.05808008462190628,16437
66900,-5.6402560799999995,0.05,18,150.0,3590,0.11,446,0.0003,0.05268238112330437,16474
67050,-5.665736369999999,0.05,18,150.0,3590,0.11,447,0.0003,0.04907570034265518,16512
67200,-5.444024989999999,0.05,18,150.0,3590,0.12,448,0.0003,0.06896807253360748,16549
67350,-5.580387000000001,0.05,18,150.0,3589,0.12,449,0.0003,0.05016356706619263,16587
67500,-5.51265436,0.05,18,150.0,3589,0.12,450,0.0003,0.03240431845188141,16624
67650,-5.560548530000001,0.05,18,150.0,3589,0.12,451,0.0003,0.0561484731733799,16662
67800,-5.876816820000001,0.05,18,150.0,3589,0.12,452,0.0003,0.12032738327980042,16699
67950,-5.93110922,0.05,18,150.0,3589,0.12,453,0.0003,0.15069568157196045,16737
68100,-5.853064290000001,0.05,19,150.0,3582,0.12,454,0.0003,0.029186496511101723,16774
68250,-5.80765121,0.05,19,150.0,3581,0.12,455,0.0003,0.058165647089481354,16812
68400,-5.723355560000001,0.05,19,150.0,3581,0.12,456,0.0003,0.05107438564300537,16849
68550,-5.750693010000001,0.05,19,150.0,3581,0.12,457,0.0003,0.09683656692504883,16887
68700,-5.982492690000003,0.05,19,150.0,3581,0.12,458,0.0003,0.06855718791484833,16924
68850,-5.959575870000002,0.05,19,150.0,3581,0.12,459,0.0003,0.04523584991693497,16962
69000,-5.631077890000001,0.05,19,150.0,3581,0.13,460,0.0003,0.07420584559440613,16999
69150,-5.367123500000002,0.05,19,150.0,3581,0.13,461,0.0003,0.029338788241147995,17037
69300,-5.387258090000001,0.05,19,150.0,3580,0.13,462,0.0003,0.05803778022527695,17074
69450,-5.474046950000001,0.05,19,150.0,3580,0.13,463,0.0003,0.07199966907501221,17112
69600,-5.355630030000002,0.05,19,150.0,3580,0.14,464,0.0003,0.1704375445842743,17149
69750,-5.2200184200000015,0.05,19,150.0,3580,0.14,465,0.0003,0.05128232389688492,17187
69900,-5.241581700000001,0.05,19,150.0,3580,0.13,466,0.0003,0.0961546078324318,17224
70050,-5.194296410000001,0.05,19,150.0,3579,0.13,467,0.0003,0.03579851984977722,17262
70200,-5.2703076200000005,0.05,19,150.0,3579,0.13,468,0.0003,0.045144274830818176,17299
70350,-5.400636510000001,0.05,19,150.0,3579,0.13,469,0.0003,0.09463275969028473,17337
70500,-5.21971186,0.05,19,150.0,3579,0.14,470,0.0003,0.17730335891246796,17374
70650,-5.37384333,0.05,19,150.0,3578,0.14,471,0.0003,0.0768701359629631,17412
70800,-5.479749460000001,0.05,19,150.0,3578,0.14,472,0.0003,0.09640458226203918,17449
70950,-5.383940289999999,0.05,19,150.0,3578,0.14,473,0.0003,0.05419521778821945,17487
71100,-5.527695680000001,0.05,19,150.0,3578,0.13,474,0.0003,0.0672609955072403,17524
71250,-5.393784490000001,0.05,19,150.0,3578,0.13,475,0.0003,0.0975390300154686,17562
71400,-5.30745234,0.05,19,150.0,3578,0.13,476,0.0003,0.04662690311670303,17599
71550,-5.34083516,0.05,19,150.0,3577,0.13,477,0.0003,0.07602468878030777,17637
71700,-5.4422143300000005,0.05,20,150.0,3577,0.13,478,0.0003,0.10477876663208008,17674
71850,-5.27218444,0.05,20,150.0,3577,0.13,479,0.0003,0.0813150629401207,17712
72000,-5.170892390000001,0.05,20,150.0,3577,0.13,480,0.0003,0.04800166189670563,17749
72150,-5.186000570000001,0.05,20,150.0,3577,0.12,481,0.0003,0.12556907534599304,17787
72300,-4.9895707,0.05,20,150.0,3577,0.12,482,0.0003,0.07678539305925369,17824
72450,-4.8477527600000005,0.05,20,150.0,3576,0.13,483,0.0003,0.03552134335041046,17862
72600,-4.8448322600000004,0.05,20,150.0,3576,0.13,484,0.0003,0.07428126782178879,17899
72750,-4.93573796,0.05,20,150.0,3576,0.13,485,0.0003,0.029494551941752434,17937
72900,-4.80288718,0.05,20,150.0,3576,0.13,486,0.0003,0.04002709686756134,17974
73050,-4.84196227,0.05,20,150.0,3576,0.13,487,0.0003,0.0967942327260971,18012
73200,-5.00940378,0.05,20,150.0,3575,0.12,488,0.0003,0.04927784204483032,18049
73350,-4.80754649,0.05,20,150.0,3575,0.12,489,0.0003,0.0586731843650341,18087
73500,-4.930648809999999,0.05,20,150.0,3575,0.11,490,0.0003,0.04636114090681076,18124
73650,-4.9657526999999995,0.05,20,150.0,3575,0.11,491,0.0003,0.02056257799267769,18162
73800,-4.897252130000001,0.05,20,150.0,3575,0.12,492,0.0003,0.0403611958026886,18199
73950,-4.783385160000001,0.05,20,150.0,3575,0.13,493,0.0003,0.078577920794487,18237
74100,-4.86859731,0.05,20,150.0,3575,0.13,494,0.0003,0.06209833174943924,18274
74250,-4.867230290000001,0.05,20,150.0,3575,0.13,495,0.0003,0.04570647329092026,18312
74400,-4.722998840000001,0.05,20,150.0,3575,0.14,496,0.0003,0.08298765122890472,18349
74550,-4.3736532100000005,0.05,20,150.0,3575,0.15,497,0.0003,0.02979397401213646,18387
74700,-4.52224407,0.05,20,150.0,3575,0.15,498,0.0003,0.047255419194698334,18424
74850,-4.24316434,0.05,20,150.0,3575,0.16,499,0.0003,0.044964227825403214,18462
75000,-4.0417326099999995,0.05,20,150.0,3575,0.16,500,0.0003,0.030090155079960823,18499
75150,-4.028078079999999,0.05,21,150.0,3574,0.16,501,0.0003,0.07186902314424515,18537
75300,-3.86835771,0.05,21,150.0,3574,0.17,502,0.0003,0.0341552272439003,18574
75450,-3.8442406600000005,0.05,21,150.0,3574,0.17,503,0.0003,0.0319209024310112,18612
75600,-3.8196091100000005,0.05,21,150.0,3574,0.18,504,0.0003,0.07456320524215698,18649
75750,-3.58594845,0.05,21,150.0,3574,0.19,505,0.0003,0.10644988715648651,18687
75900,-3.2579987700000004,0.05,21,150.0,3574,0.19,506,0.0003,0.02032604068517685,18724
76050,-3.3685656800000006,0.05,21,150.0,3574,0.19,507,0.0003,0.07739273458719254,18762
76200,-3.27690334,0.05,21,150.0,3573,0.19,508,0.0003,0.15068449079990387,18799
76350,-3.0097481399999997,0.05,21,150.0,3573,0.2,509,0.0003,0.04257944971323013,18837
76500,-2.93352342,0.05,21,150.0,3573,0.2,510,0.0003,0.04806452989578247,18874
76650,-2.6571191799999996,0.05,21,150.0,3573,0.21,511,0.0003,0.0368138886988163,18912
76800,-2.9150344099999996,0.05,21,150.0,3573,0.2,512,0.0003,0.08732083439826965,18949
76950,-2.82649582,0.05,21,150.0,3573,0.2,513,0.0003,0.04142371565103531,18987
77100,-2.64066448,0.05,21,150.0,3572,0.2,514,0.0003,0.05817204713821411,19024
77250,-2.6181026099999998,0.05,21,150.0,3572,0.2,515,0.0003,0.037371400743722916,19062
77400,-2.5871696899999996,0.05,21,150.0,3572,0.2,516,0.0003,0.037680305540561676,19099
77550,-2.5731340099999995,0.05,21,150.0,3572,0.2,517,0.0003,0.06183513253927231,19137
77700,-2.5087050199999994,0.05,21,150.0,3572,0.2,518,0.0003,0.031973402947187424,19174
77850,-2.53621442,0.05,21,150.0,3572,0.2,519,0.0003,0.06921529024839401,19212
78000,-2.5523265100000003,0.05,21,150.0,3571,0.2,520,0.0003,0.03778009116649628,19249
78150,-2.43387984,0.05,21,150.0,3571,0.21,521,0.0003,0.025778116658329964,19287
78300,-2.39083184,0.05,21,150.0,3571,0.21,522,0.0003,0.05177638679742813,19324
78450,-2.62831154,0.05,21,150.0,3571,0.2,523,0.0003,0.17338132858276367,19362
78600,-2.67749995,0.05,22,150.0,3571,0.2,524,0.0003,0.04560564458370209,19399
78750,-2.82439076,0.05,22,150.0,3570,0.2,525,0.0003,0.11465012282133102,19437
78900,-2.7168617999999993,0.05,22,150.0,3570,0.21,526,0.0003,0.04528532922267914,19474
79050,-2.4263927499999998,0.05,22,150.0,3561,0.22,527,0.0003,0.0899675115942955,19512
79200,-2.45699314,0.05,22,150.0,3560,0.22,528,0.0003,0.040689993649721146,19549
79350,-2.44164047,0.05,22,150.0,3560,0.22,529,0.0003,0.07357470691204071,19587
79500,-2.5526297499999995,0.05,22,150.0,3560,0.21,530,0.0003,0.05866503342986107,19624
79650,-2.3888080199999995,0.05,22,150.0,3559,0.21,531,0.0003,0.07885509729385376,19662
79800,-2.29363963,0.05,22,150.0,3558,0.21,532,0.0003,0.04123730584979057,19699
79950,-2.2642929499999997,0.05,22,150.0,3557,0.21,533,0.0003,0.03468616306781769,19737
80100,-1.9659515,0.05,22,150.0,3557,0.22,534,0.0003,0.04630757123231888,19774
80250,-1.6717326500000005,0.05,22,150.0,3557,0.23,535,0.0003,0.16640707850456238,19812
80400,-1.50018201,0.05,22,150.0,3557,0.23,536,0.0003,0.05045481026172638,19849
80550,-1.7790959100000001,0.05,22,150.0,3557,0.22,537,0.0003,0.0658421516418457,19887
80700,-1.5511773300000002,0.05,22,150.0,3557,0.23,538,0.0003,0.05345747247338295,19924
80850,-1.55106141,0.05,22,150.0,3557,0.23,539,0.0003,0.04105647653341293,19962
81000,-1.4916565,0.05,22,150.0,3557,0.23,540,0.0003,0.08486360311508179,19999
81150,-1.43438598,0.05,22,150.0,3557,0.23,541,0.0003,0.05791078135371208,20037
81300,-1.22534527,0.05,22,150.0,3557,0.23,542,0.0003,0.06271935254335403,20074
81450,-1.2461689399999998,0.05,22,150.0,3556,0.24,543,0.0003,0.06823563575744629,20112
81600,-1.3188146299999999,0.05,22,150.0,3556,0.24,544,0.0003,0.03552134335041046,20149
81750,-1.1105949,0.05,22,150.0,3556,0.25,545,0.0003,0.03471556678414345,20187
81900,-1.0155331700000003,0.05,23,150.0,3556,0.25,546,0.0003,0.04912864416837692,20224
82050,-0.88179746,0.05,23,150.0,3556,0.25,547,0.0003,0.11713211238384247,20262
82200,-0.9637013400000002,0.05,23,150.0,3556,0.24,548,0.0003,0.02856302820146084,20299
82350,-1.01352229,0.05,23,150.0,3555,0.24,549,0.0003,0.059284359216690063,20337
82500,-0.97064052,0.05,23,150.0,3555,0.24,550,0.0003,0.1171487420797348,20374
82650,-0.9183306600000001,0.05,23,150.0,3555,0.24,551,0.0003,0.04498586058616638,20412
82800,-0.49240791000000017,0.05,23,150.0,3555,0.25,552,0.0003,0.06313534080982208,20449
82950,-0.5387031900000001,0.05,23,150.0,3555,0.25,553,0.0003,0.038465410470962524,20487
83100,-0.5589235100000001,0.05,23,150.0,3555,0.25,554,0.0003,0.037320807576179504,20524
83250,-0.6456804300000002,0.05,23,150.0,3555,0.25,555,0.0003,0.03908737003803253,20562
83400,-0.6854547500000002,0.05,23,150.0,3554,0.25,556,0.0003,0.0667605772614479,20599
83550,-0.6728312300000002,0.05,23,150.0,3554,0.25,557,0.0003,0.070283442735672,20637
83700,-0.30940897000000006,0.05,23,150.0,3554,0.26,558,0.0003,0.06061797961592674,20674
83850,-0.06832696000000013,0.05,23,150.0,3554,0.27,559,0.0003,0.06658004224300385,20712
84000,-0.14137837000000006,0.05,23,150.0,3554,0.26,560,0.0003,0.02831973508000374,20749
84150,-0.31786050999999993,0.05,23,150.0,3554,0.26,561,0.0003,0.03171826899051666,20787
84300,-0.32507586000000005,0.05,23,150.0,3554,0.26,562,0.0003,0.07096892595291138,20824
84450,-0.36137637000000006,0.05,23,150.0,3554,0.26,563,0.0003,0.0448727160692215,20862
84600,-0.5458458199999999,0.05,23,150.0,3554,0.25,564,0.0003,0.02231915481388569,20899
84750,-0.58746264,0.05,23,150.0,3553,0.25,565,0.0003,0.11796578764915466,20937
84900,-0.49331508000000013,0.05,23,150.0,3553,0.26,566,0.0003,0.06357686966657639,20974
85050,-0.3774220500000001,0.05,23,150.0,3553,0.27,567,0.0003,0.06276320666074753,21012
85200,-0.26933176000000003,0.05,23,150.0,3553,0.27,568,0.0003,0.0499601773917675,21049
85350,0.057022779999999856,0.05,24,150.0,3553,0.28,569,0.0003,0.037137892097234726,21087
85500,-0.09406165000000008,0.05,24,150.0,3553,0.27,570,0.0003,0.02255236729979515,21124
85650,0.09640201000000002,0.05,24,150.0,3553,0.28,571,0.0003,0.1204412430524826,21162
85800,0.1654491799999999,0.05,24,150.0,3553,0.28,572,0.0003,0.07951860129833221,21199
85950,0.10281850000000008,0.05,24,150.0,3553,0.28,573,0.0003,0.0656183660030365,21237
86100,0.29334786000000007,0.05,24,150.0,3553,0.29,574,0.0003,0.052405983209609985,21274
86250,0.34273080000000006,0.05,24,150.0,3553,0.29,575,0.0003,0.12913474440574646,21312
86400,0.4733311500000001,0.05,24,150.0,3553,0.3,576,0.0003,0.05213351175189018,21349
86550,0.38491025000000006,0.05,24,150.0,3553,0.3,577,0.0003,0.0406312495470047,21387
86700,0.21512292000000005,0.05,24,150.0,3553,0.3,578,0.0003,0.07323431968688965,21424
86850,0.2650022299999999,0.05,24,150.0,3553,0.31,579,0.0003,0.056822020560503006,21462
87000,0.50017881,0.05,24,150.0,3553,0.32,580,0.0003,0.05574728548526764,21499
87150,0.52283388,0.05,24,150.0,3552,0.33,581,0.0003,0.032450031489133835,21537
87300,0.49216632000000005,0.05,24,150.0,3552,0.33,582,0.0003,0.051914870738983154,21574
87450,0.46405272999999986,0.05,24,150.0,3552,0.33,583,0.0003,0.0455324687063694,21612
87600,0.6386980999999999,0.05,24,150.0,3552,0.34,584,0.0003,0.03672013059258461,21649
87750,0.70340268,0.05,24,150.0,3552,0.34,585,0.0003,0.03191729635000229,21687
87900,0.8093473700000002,0.05,24,150.0,3552,0.34,586,0.0003,0.05085068941116333,21724
88050,0.9862945899999999,0.05,24,150.0,3552,0.34,587,0.0003,0.03707938268780708,21762
88200,1.0200340500000002,0.05,24,150.0,3551,0.34,588,0.0003,0.03293802961707115,21799
88350,1.0708848600000003,0.05,24,150.0,3551,0.34,589,0.0003,0.21335887908935547,21837
88500,1.1359784400000001,0.05,24,150.0,3552,0.34,590,0.0003,0.10489039868116379,21874
88650,1.1537190399999997,0.05,24,150.0,3551,0.34,591,0.0003,0.03521592915058136,21912
88800,1.0878728,0.05,24,150.0,3552,0.34,592,0.0003,0.031010707840323448,21949
88950,1.1043091499999997,0.05,25,150.0,3551,0.34,593,0.0003,0.0312967523932457,21987
89100,0.8340495699999997,0.05,25,150.0,3551,0.33,594,0.0003,0.034425701946020126,22024
89250,0.9472974399999999,0.05,25,150.0,3551,0.33,595,0.0003,0.055592507123947144,22062
89400,0.8306301199999996,0.05,25,150.0,3551,0.32,596,0.0003,0.09510711580514908,22099
89550,0.7138743099999998,0.05,25,150.0,3551,0.31,597,0.0003,0.07778823375701904,22137
89700,0.9009570399999997,0.05,25,150.0,3551,0.31,598,0.0003,0.04183743894100189,22174
89850,1.0282976899999998,0.05,25,150.0,3551,0.31,599,0.0003,0.0616452693939209,22212
90000,0.9238661799999999,0.05,25,150.0,3551,0.31,600,0.0003,0.09574314951896667,22249
90150,0.94011797,0.05,25,150.0,3551,0.31,601,0.0003,0.03247543424367905,22287
90300,0.4523380199999999,0.05,25,150.0,3551,0.3,602,0.0003,0.1324031949043274,22324
90450,0.3073797299999997,0.05,25,150.0,3551,0.3,603,0.0003,0.058880534023046494,22362
90600,0.2980391399999999,0.05,25,150.0,3551,0.29,604,0.0003,0.06680935621261597,22399
90750,0.10651852999999982,0.05,25,150.0,3551,0.28,605,0.0003,0.031486738473176956,22437
90900,0.008946559999999834,0.05,25,150.0,3551,0.28,606,0.0003,0.09147357940673828,22474
91050,0.3446507299999999,0.05,25,150.0,3551,0.29,607,0.0003,0.07123440504074097,22512
91200,0.2986837799999996,0.05,25,150.0,3551,0.29,608,0.0003,0.034499093890190125,22549
91350,-0.0744401000000002,0.05,25,150.0,3551,0.28,609,0.0003,0.052398595958948135,22587
91500,-0.018912360000000312,0.05,25,150.0,3551,0.28,610,0.0003,0.04795210808515549,22624
91650,-0.07991616000000006,0.05,25,150.0,3551,0.28,611,0.0003,0.03853648528456688,22662
91800,0.05406084999999982,0.05,25,150.0,3551,0.28,612,0.0003,0.08671221882104874,22699
91950,0.055201529999999666,0.05,25,150.0,3551,0.28,613,0.0003,0.040159232914447784,22737
92100,-0.13895919000000018,0.05,25,150.0,3551,0.28,614,0.0003,0.05534496158361435,22774
92250,-0.2831618300000003,0.05,25,150.0,3551,0.28,615,0.0003,0.05356960743665695,22812
92400,-0.4779780900000001,0.05,26,150.0,3551,0.27,616,0.0003,0.06663021445274353,22849
92550,-0.6512108300000005,0.05,26,150.0,3551,0.27,617,0.0003,0.09037814289331436,22887
92700,-0.7071016400000001,0.05,26,150.0,3551,0.27,618,0.0003,0.05155256390571594,22924
92850,-0.7657864600000004,0.05,26,150.0,3551,0.27,619,0.0003,0.17674706876277924,22962
93000,-0.81574999,0.05,26,150.0,3551,0.27,620,0.0003,0.061935435980558395,22999
93150,-0.9841179300000001,0.05,26,150.0,3551,0.26,621,0.0003,0.07628953456878662,23037
93300,-0.9512748600000003,0.05,26,150.0,3551,0.26,622,0.0003,0.026107987388968468,23074
93450,-0.6352039700000005,0.05,26,150.0,3551,0.27,623,0.0003,0.06847894936800003,23112
93600,-0.38657894000000037,0.05,26,150.0,3551,0.28,624,0.0003,0.07556948810815811,23149
93750,-0.15501951000000042,0.05,26,150.0,3551,0.29,625,0.0003,0.03231082856655121,23187
93900,-0.2780356600000003,0.05,26,150.0,3550,0.28,626,0.0003,0.05910654366016388,23224
94050,-0.27887068000000026,0.05,26,150.0,3550,0.27,627,0.0003,0.0500638373196125,23262
94200,-0.2519236500000001,0.05,26,150.0,3550,0.27,628,0.0003,0.052796393632888794,23299
94350,-0.28482953,0.05,26,150.0,3550,0.27,629,0.0003,0.07356727123260498,23337
94500,-0.19049569000000005,0.05,26,150.0,3550,0.28,630,0.0003,0.1166486069560051,23374
94650,-0.12178261000000015,0.05,26,150.0,3550,0.28,631,0.0003,0.02830030582845211,23412
94800,0.07387461000000001,0.05,26,150.0,3550,0.29,632,0.0003,0.054738495498895645,23449
94950,0.20694818999999998,0.05,26,150.0,3550,0.29,633,0.0003,0.028524719178676605,23487
95100,-0.11200521000000009,0.05,26,150.0,3550,0.28,634,0.0003,0.13150818645954132,23524
95250,-0.11461163000000014,0.05,26,150.0,3551,0.28,635,0.0003,0.03397725522518158,23562
95400,-0.27056775000000033,0.05,26,150.0,3551,0.28,636,0.0003,0.05288706719875336,23599
95550,-0.17898493000000013,0.05,26,150.0,3551,0.28,637,0.0003,0.03681150823831558,23637
95700,-0.45144759000000007,0.05,26,150.0,3551,0.27,638,0.0003,0.06977098435163498,23674
95850,-0.42283095000000004,0.05,26,150.0,3550,0.27,639,0.0003,0.04059042036533356,23712
96000,-0.3819122400000003,0.05,27,150.0,3550,0.28,640,0.0003,0.06757035851478577,23749
96150,-0.46944333000000016,0.05,27,150.0,3546,0.28,641,0.0003,0.05645707994699478,23787
96300,-0.5772518300000001,0.05,27,150.0,3546,0.28,642,0.0003,0.07919125258922577,23824
96450,-0.6376032400000002,0.05,27,150.0,3546,0.27,643,0.0003,0.05732977017760277,23862
96600,-0.7006673900000001,0.05,27,150.0,3546,0.27,644,0.0003,0.029407547786831856,23899
96750,-0.8470041100000002,0.05,27,150.0,3546,0.26,645,0.0003,0.06492883712053299,23937
96900,-0.6887188000000003,0.05,27,150.0,3546,0.27,646,0.0003,0.049240030348300934,23974
97050,-0.8395480200000002,0.05,27,150.0,3546,0.27,647,0.0003,0.0477750226855278,24012
97200,-0.7128221600000002,0.05,27,150.0,3546,0.28,648,0.0003,0.04671406373381615,24049
97350,-0.7605375,0.05,27,150.0,3546,0.28,649,0.0003,0.04871296510100365,24087
97500,-0.7001837300000002,0.05,27,150.0,3546,0.28,650,0.0003,0.06591442972421646,24124
97650,-0.7020842700000002,0.05,27,150.0,3546,0.28,651,0.0003,0.05157306045293808,24162
97800,-0.8015786200000001,0.05,27,150.0,3546,0.27,652,0.0003,0.038765229284763336,24199
97950,-0.6162787399999999,0.05,27,150.0,3546,0.28,653,0.0003,0.06970346719026566,24237
98100,-0.45791511000000007,0.05,27,150.0,3546,0.28,654,0.0003,0.04615192115306854,24274
98250,-0.2649404600000001,0.05,27,150.0,3546,0.28,655,0.0003,0.06080503389239311,24312
98400,-0.2878530700000001,0.05,27,150.0,3546,0.28,656,0.0003,0.05957463011145592,24349
98550,-0.3063430200000003,0.05,27,150.0,3546,0.28,657,0.0003,0.0309908390045166,24387
98700,-0.4559187900000001,0.05,27,150.0,3547,0.27,658,0.0003,0.04688674584031105,24424
98850,-0.8371028600000001,0.05,27,150.0,3547,0.26,659,0.0003,0.05461309105157852,24462
99000,-0.9888758900000002,0.05,27,150.0,3547,0.26,660,0.0003,0.06130092591047287,24499
99150,-0.73252779,0.05,27,150.0,3547,0.27,661,0.0003,0.04167617857456207,24537
99300,-0.5709997899999997,0.05,27,150.0,3547,0.27,662,0.0003,0.01976441778242588,24574
99450,-0.5146578999999997,0.05,28,150.0,3547,0.27,663,0.0003,0.08902943134307861,24612
99600,-0.4906709400000001,0.05,28,150.0,3547,0.27,664,0.0003,0.05865365266799927,24649
99750,-0.32344363999999964,0.05,28,150.0,3547,0.28,665,0.0003,0.1427130401134491,24687
99900,-0.51322672,0.05,28,150.0,3546,0.27,666,0.0003,0.06638418138027191,24724
