time/total_timesteps,time/fps,time/time_elapsed,time/iterations,train/entropy_loss,train/policy_loss,train/explained_variance,train/value_loss,train/learning_rate,train/n_updates,rollout/success_rate,rollout/ep_rew_mean,rollout/ep_len_mean
20,8996,0,1,,,,,,,,,
40,6247,0,2,-2.1972203254699707,-1.127801537513733,0.33795708417892456,0.32487982511520386,0.0007,1,,,
60,6846,0,3,-2.1807332038879395,-0.8900009393692017,0.212111234664917,0.20880670845508575,0.0007,2,,,
80,7211,0,4,-2.184664249420166,-0.7855278253555298,0.014495432376861572,0.16248734295368195,0.0007,3,,,
100,7486,0,5,-2.1899304389953613,-0.7589205503463745,0.026681900024414062,0.14062364399433136,0.0007,4,,,
120,7762,0,6,-2.160252094268799,-0.7126025557518005,-0.005232691764831543,0.13093456625938416,0.0007,5,,,
140,8007,0,7,-2.1472153663635254,-0.7190473675727844,0.013828754425048828,0.16417737305164337,0.0007,6,,,
160,8228,0,8,-2.1821937561035156,-0.8396042585372925,0.04051029682159424,0.18346183001995087,0.0007,7,,,
180,8369,0,9,-2.186398983001709,-0.8385152816772461,0.029996812343597412,0.1798829883337021,0.0007,8,,,
200,8379,0,10,-2.1799206733703613,-0.8370970487594604,0.029132544994354248,0.16969312727451324,0.0007,9,,,
220,8458,0,11,-2.1617484092712402,-0.8846912384033203,0.02239668369293213,0.1968378871679306,0.0007,10,,,
240,8578,0,12,-2.1551220417022705,-0.8305231928825378,0.03791171312332153,0.1763848513364792,0.0007,11,,,
260,8700,0,13,-2.1452178955078125,-0.7325402498245239,0.05492311716079712,0.14926090836524963,0.0007,12,,,
280,8811,0,14,-2.151960849761963,-0.6218214631080627,0.022510051727294922,0.10629980266094208,0.0007,13,,,
300,8912,0,15,-2.1526405811309814,-0.6190981864929199,0.004888951778411865,0.09881258010864258,0.0007,14,,,
320,9006,0,16,-2.131906032562256,-0.4725913405418396,0.013675332069396973,0.06108003854751587,0.0007,15,,,
340,9078,0,17,-2.109168529510498,-0.32296591997146606,0.004965722560882568,0.02628430165350437,0.0007,16,,,
360,9123,0,18,-2.030235767364502,-0.11820562183856964,0.02560514211654663,0.00391507800668478,0.0007,17,,,
380,9120,0,19,-1.9491279125213623,-0.11009716987609863,-0.04430592060089111,0.004328124225139618,0.0007,18,,,
400,9135,0,20,-1.9199920892715454,-0.008744652383029461,0.008190691471099854,0.00046533631393685937,0.0007,19,,,
420,9178,0,21,-1.9220596551895142,0.004308606497943401,-0.2505068778991699,4.646447632694617e-05,0.0007,20,,,
440,9216,0,22,-1.921054482460022,0.013010816648602486,-0.19839096069335938,0.00013800842862110585,0.0007,21,,,
460,9233,0,23,-1.9322874546051025,0.0073752254247665405,-0.0032606124877929688,0.001169396797195077,0.0007,22,,,
480,9266,0,24,-1.9338843822479248,0.012291857972741127,-0.00906825065612793,0.001777448458597064,0.0007,23,,,
500,9279,0,25,-1.9042164087295532,0.051135946065187454,0.06071823835372925,0.0020711116958409548,0.0007,24,,,
520,9311,0,26,-1.9802711009979248,0.07935841381549835,0.0338057279586792,0.0037752215284854174,0.0007,25,,,
540,9347,0,27,-2.030377149581909,0.16312137246131897,-0.03212165832519531,0.008382740430533886,0.0007,26,,,
560,9337,0,28,-2.069187879562378,0.21772494912147522,-0.017481684684753418,0.01177517045289278,0.0007,27,,,
580,9354,0,29,-2.1294403076171875,0.1685730665922165,-0.03160452842712402,0.008751485496759415,0.0007,28,,,
600,9365,0,30,-2.131481647491455,0.16805164515972137,0.021900713443756104,0.008321746252477169,0.0007,29,,,
620,9387,0,31,-2.16046404838562,0.1922660619020462,-0.0021077394485473633,0.009458312764763832,0.0007,30,,,
640,9410,0,32,-2.149449110031128,0.11294841766357422,0.08325636386871338,0.00675515690818429,0.0007,31,,,
660,9433,0,33,-2.1494381427764893,0.10564212501049042,0.3122132420539856,0.003956692758947611,0.0007,32,,,
680,9450,0,34,-2.1648378372192383,0.16506817936897278,0.1805155873298645,0.00698308739811182,0.0007,33,,,
700,9470,0,35,-2.1629505157470703,-0.03326522931456566,0.15653663873672485,0.008160984143614769,0.0007,34,,,
720,9493,0,36,-2.165358781814575,0.09603036940097809,-0.03094029426574707,0.005319835618138313,0.0007,35,,,
740,9513,0,37,-2.1568667888641357,0.05319042131304741,0.07719910144805908,0.0028886739164590836,0.0007,36,,,
760,9532,0,38,-2.1428062915802,-0.029371608048677444,-0.029810428619384766,0.005527542904019356,0.0007,37,,,
780,9555,0,39,-2.132042646408081,0.017694097012281418,-0.10476970672607422,0.005363169126212597,0.0007,38,,,
800,9541,0,40,-2.1013076305389404,0.07619152963161469,-0.08149516582489014,0.0032377310562878847,0.0007,39,0.0,-23.519950750000003,200.0
820,9551,0,41,-2.1113295555114746,-0.01516762189567089,0.03823816776275635,0.003392885671928525,0.0007,40,0.0,-23.519950750000003,200.0
840,9539,0,42,-2.1427295207977295,-0.507379949092865,0.20235717296600342,0.0619288869202137,0.0007,41,0.0,-23.519950750000003,200.0
860,9551,0,43,-2.107448101043701,-0.525071918964386,0.1448303461074829,0.0733628123998642,0.0007,42,0.0,-23.519950750000003,200.0
880,9568,0,44,-2.103937864303589,-0.4924912452697754,0.07584124803543091,0.0711960643529892,0.0007,43,0.0,-23.519950750000003,200.0
900,9584,0,45,-2.1096854209899902,-0.5204232931137085,0.07045924663543701,0.08106566965579987,0.0007,44,0.0,-23.519950750000003,200.0
920,9599,0,46,-2.1249301433563232,-0.5572322607040405,0.12225878238677979,0.08454233407974243,0.0007,45,0.0,-23.519950750000003,200.0
940,9614,0,47,-2.114912748336792,-0.6002093553543091,0.10175299644470215,0.09557335078716278,0.0007,46,0.0,-23.519950750000003,200.0
960,9630,0,48,-2.0860226154327393,-0.6100875735282898,0.10827773809432983,0.09565796703100204,0.0007,47,0.0,-23.519950750000003,200.0
980,9644,0,49,-2.0665690898895264,-0.5551434755325317,0.11474871635437012,0.10924587398767471,0.0007,48,0.0,-23.519950750000003,200.0
1000,9658,0,50,-2.0981245040893555,-0.6869354248046875,0.13845890760421753,0.13232430815696716,0.0007,49,0.0,-23.519950750000003,200.0
1020,9662,0,51,-2.106588840484619,-0.7651776075363159,0.14163678884506226,0.15130987763404846,0.0007,50,0.0,-23.519950750000003,200.0
1040,9672,0,52,-2.1038172245025635,-0.6004316806793213,0.1949540376663208,0.11771021038293839,0.0007,51,0.0,-23.519950750000003,200.0
1060,9681,0,53,-2.1284804344177246,-0.6620046496391296,0.17094898223876953,0.11248169094324112,0.0007,52,0.0,-23.519950750000003,200.0
1080,9681,0,54,-2.118551731109619,-0.6073725819587708,0.19347697496414185,0.07960698008537292,0.0007,53,0.0,-23.519950750000003,200.0
1100,9665,0,55,-2.07839298248291,-0.4243248999118805,0.17481714487075806,0.0560273639857769,0.0007,54,0.0,-23.519950750000003,200.0
1120,9675,0,56,-2.0903091430664062,-0.3741585612297058,0.08713752031326294,0.03851976618170738,0.0007,55,0.0,-23.519950750000003,200.0
1140,9679,0,57,-2.091571569442749,-0.21413032710552216,0.04291844367980957,0.015616236254572868,0.0007,56,0.0,-23.519950750000003,200.0
1160,9681,0,58,-2.102494716644287,-0.15870274603366852,-0.026783347129821777,0.00845741480588913,0.0007,57,0.0,-23.519950750000003,200.0
1180,9689,0,59,-2.102595090866089,-0.0513092465698719,0.14642006158828735,0.0014693780103698373,0.0007,58,0.0,-23.519950750000003,200.0
1200,9696,0,60,-2.097437620162964,-0.022933844476938248,0.10524386167526245,0.002062834333628416,0.0007,59,0.0,-23.519950750000003,200.0
1220,9704,0,61,-2.0981638431549072,0.0038469708524644375,-0.09919965267181396,0.0014377508778125048,0.0007,60,0.0,-23.519950750000003,200.0
1240,9710,0,62,-2.0990800857543945,0.04099709168076515,0.0879395604133606,0.0016205087304115295,0.0007,61,0.0,-23.519950750000003,200.0
1260,9716,0,63,-2.1110739707946777,0.1375027745962143,-0.10948622226715088,0.004854385741055012,0.0007,62,0.0,-23.519950750000003,200.0
1280,9722,0,64,-2.114882707595825,0.12780019640922546,0.1303362250328064,0.006101957056671381,0.0007,63,0.0,-23.519950750000003,200.0
1300,9730,0,65,-2.0952818393707275,0.15148665010929108,-0.13464117050170898,0.0070420862175524235,0.0007,64,0.0,-23.519950750000003,200.0
1320,9736,0,66,-2.1034886837005615,0.19190451502799988,0.3474431037902832,0.008598491549491882,0.0007,65,0.0,-23.519950750000003,200.0
1340,9743,0,67,-2.117736339569092,0.11497064679861069,0.4386758804321289,0.0064868503250181675,0.0007,66,0.0,-23.519950750000003,200.0
1360,9750,0,68,-2.1172752380371094,0.16219666600227356,0.6037590503692627,0.008790473453700542,0.0007,67,0.0,-23.519950750000003,200.0
1380,9756,0,69,-2.0951156616210938,0.06175703927874565,-0.465854287147522,0.007091204170137644,0.0007,68,0.0,-23.519950750000003,200.0
1400,9764,0,70,-2.1073670387268066,0.11488697677850723,0.3727240562438965,0.005566785577684641,0.0007,69,0.0,-23.519950750000003,200.0
1420,9771,0,71,-2.088026762008667,0.06678591668605804,0.4330856204032898,0.0024127927608788013,0.0007,70,0.0,-23.519950750000003,200.0
1440,9776,0,72,-2.084536075592041,-0.0526125431060791,0.28996753692626953,0.006580329034477472,0.0007,71,0.0,-23.519950750000003,200.0
1460,9781,0,73,-2.070744752883911,0.03484721854329109,0.16488128900527954,0.0012970746029168367,0.0007,72,0.0,-23.519950750000003,200.0
1480,9786,0,74,-2.063837766647339,0.06379280984401703,0.6144540309906006,0.002506564138457179,0.0007,73,0.0,-23.519950750000003,200.0
1500,9788,0,75,-2.0584876537323,-0.09082818031311035,0.3625689148902893,0.011227408424019814,0.0007,74,0.0,-23.519950750000003,200.0
1520,9792,0,76,-2.077547550201416,0.01536490023136139,0.5405910015106201,0.0009019725257530808,0.0007,75,0.0,-23.519950750000003,200.0
1540,9798,0,77,-2.0726311206817627,0.029359916225075722,0.5091915130615234,0.0007003159262239933,0.0007,76,0.0,-23.519950750000003,200.0
1560,9805,0,78,-2.0739119052886963,0.017325926572084427,-1.2554550170898438,0.0034365630708634853,0.0007,77,0.0,-23.519950750000003,200.0
1580,9813,0,79,-2.065725564956665,0.045391496270895004,-0.014801263809204102,0.0008994968375191092,0.0007,78,0.0,-23.519950750000003,200.0
1600,9802,0,80,-2.0659141540527344,-0.04151212424039841,-0.20496070384979248,0.004105203785002232,0.0007,79,0.0,-23.436808875,200.0
1620,9804,0,81,-2.03419828414917,-0.04156417399644852,-0.3442806005477905,0.002451882930472493,0.0007,80,0.0,-23.436808875,200.0
1640,9808,0,82,-2.093074083328247,-0.41285404562950134,-0.019096016883850098,0.041429974138736725,0.0007,81,0.0,-23.436808875,200.0
1660,9813,0,83,-2.0188751220703125,-0.3312845230102539,0.0011187195777893066,0.04213365167379379,0.0007,82,0.0,-23.436808875,200.0
1680,9818,0,84,-2.034052848815918,-0.4655723571777344,0.024496853351593018,0.0501582995057106,0.0007,83,0.0,-23.436808875,200.0
1700,9825,0,85,-1.9999401569366455,-0.4095838665962219,0.04160720109939575,0.05989757180213928,0.0007,84,0.0,-23.436808875,200.0
1720,9830,0,86,-2.0075323581695557,-0.41695675253868103,0.07468122243881226,0.06305501610040665,0.0007,85,0.0,-23.436808875,200.0
1740,9835,0,87,-2.0227715969085693,-0.4521160125732422,0.11920231580734253,0.06377707421779633,0.0007,86,0.0,-23.436808875,200.0
1760,9827,0,88,-2.0261716842651367,-0.6132897138595581,0.1437011957168579,0.08649255335330963,0.0007,87,0.0,-23.436808875,200.0
1780,9827,0,89,-1.9882495403289795,-0.5524609684944153,0.21968716382980347,0.08303767442703247,0.0007,88,0.0,-23.436808875,200.0
1800,9831,0,90,-1.9665358066558838,-0.5831648707389832,0.3163031339645386,0.080020971596241,0.0007,89,0.0,-23.436808875,200.0
1820,9836,0,91,-1.9395723342895508,-0.40913790464401245,0.42622941732406616,0.07547151297330856,0.0007,90,0.0,-23.436808875,200.0
1840,9838,0,92,-1.97564697265625,-0.4963443875312805,0.539351224899292,0.06186820939183235,0.0007,91,0.0,-23.436808875,200.0
1860,9842,0,93,-1.9484180212020874,-0.3928409516811371,0.6483582854270935,0.041438989341259,0.0007,92,0.0,-23.436808875,200.0
1880,9847,0,94,-1.9237655401229858,-0.3349454998970032,0.6571710109710693,0.03437437117099762,0.0007,93,0.0,-23.436808875,200.0
1900,9854,0,95,-1.895592451095581,-0.18683701753616333,0.7015454769134521,0.015965934842824936,0.0007,94,0.0,-23.436808875,200.0
1920,9855,0,96,-1.9183704853057861,-0.1739497184753418,0.5466039180755615,0.013774892315268517,0.0007,95,0.0,-23.436808875,200.0
1940,9857,0,97,-1.9144481420516968,-0.07622114568948746,0.49851536750793457,0.0038499929942190647,0.0007,96,0.0,-23.436808875,200.0
1960,9859,0,98,-1.9393707513809204,-0.044874124228954315,0.18973225355148315,0.001962097827345133,0.0007,97,0.0,-23.436808875,200.0
1980,9862,0,99,-1.9432399272918701,-0.005208924878388643,0.5517474412918091,0.0005828222492709756,0.0007,98,0.0,-23.436808875,200.0
2000,9742,0,100,-1.931097388267517,0.11073055118322372,-0.1921834945678711,0.0038682855665683746,0.0007,99,0.0,-23.436808875,200.0
2020,9740,0,101,-1.953840970993042,0.1216701865196228,0.7093645930290222,0.005017191171646118,0.0007,100,0.0,-23.436808875,200.0
2040,9743,0,102,-1.9575374126434326,0.06976345181465149,0.6845941543579102,0.003224595682695508,0.0007,101,0.0,-23.436808875,200.0
2060,9746,0,103,-1.9486477375030518,0.02948528528213501,0.35720646381378174,0.0013646276202052832,0.0007,102,0.0,-23.436808875,200.0
2080,9737,0,104,-1.9415695667266846,0.04298912733793259,0.837261438369751,0.0006549911922775209,0.0007,103,0.0,-23.436808875,200.0
2100,9738,0,105,-1.9500125646591187,0.04477749764919281,0.641091525554657,0.00227151601575315,0.0007,104,0.0,-23.436808875,200.0
2120,9743,0,106,-1.9394071102142334,0.06984162330627441,0.622422993183136,0.0025665119756013155,0.0007,105,0.0,-23.436808875,200.0
2140,9746,0,107,-1.935410737991333,0.07562921196222305,0.7564767003059387,0.002131724962964654,0.0007,106,0.0,-23.436808875,200.0
2160,9750,0,108,-1.9337488412857056,0.07711915671825409,0.7595451474189758,0.002186669735237956,0.0007,107,0.0,-23.436808875,200.0
2180,9755,0,109,-1.9383958578109741,0.05160655453801155,0.8032069802284241,0.001422193250618875,0.0007,108,0.0,-23.436808875,200.0
2200,9759,0,110,-1.9265724420547485,-0.04166056960821152,0.6295366287231445,0.000939995632506907,0.0007,109,0.0,-23.436808875,200.0
2220,9763,0,111,-1.9168155193328857,0.05052543804049492,0.615843653678894,0.0014958804240450263,0.0007,110,0.0,-23.436808875,200.0
2240,9766,0,112,-1.9161818027496338,0.007506057620048523,0.9304018616676331,0.00016512893489561975,0.0007,111,0.0,-23.436808875,200.0
2260,9763,0,113,-1.92093026638031,-0.025032227858901024,0.6946512460708618,0.0009440897265449166,0.0007,112,0.0,-23.436808875,200.0
2280,9766,0,114,-1.9185291528701782,-0.007332724519073963,0.8024113774299622,0.0008391000446863472,0.0007,113,0.0,-23.436808875,200.0
2300,9771,0,115,-1.907718300819397,0.014893680810928345,-0.07975900173187256,0.0029833796434104443,0.0007,114,0.0,-23.436808875,200.0
2320,9774,0,116,-1.922265648841858,-0.038284651935100555,0.7253907918930054,0.00245736469514668,0.0007,115,0.0,-23.436808875,200.0
2340,9780,0,117,-1.9123365879058838,-0.06608925014734268,0.3383737802505493,0.009593981318175793,0.0007,116,0.0,-23.436808875,200.0
2360,9783,0,118,-1.9176108837127686,0.018934961408376694,0.7355774641036987,0.0005890905158594251,0.0007,117,0.0,-23.436808875,200.0
2380,9782,0,119,-1.9122364521026611,0.058881454169750214,0.8179705142974854,0.0014273750130087137,0.0007,118,0.0,-23.664099299999997,198.8
2400,9783,0,120,-1.9213718175888062,2.626950740814209,0.5169775485992432,4.7585649490356445,0.0007,119,0.0,-23.742507749999998,198.41666666666666
2420,9787,0,121,-1.9354276657104492,0.40584588050842285,0.8777123689651489,1.0911195278167725,0.0007,120,0.0,-23.742507749999998,198.41666666666666
2440,9785,0,122,-1.9103343486785889,-0.32848960161209106,0.0015546679496765137,0.03648979216814041,0.0007,121,0.0,-23.742507749999998,198.41666666666666
2460,9789,0,123,-1.8973064422607422,-0.3222781717777252,0.0221405029296875,0.04044535756111145,0.0007,122,0.0,-23.742507749999998,198.41666666666666
2480,9793,0,124,-1.8977826833724976,-0.4048421382904053,0.037799179553985596,0.048409510403871536,0.0007,123,0.0,-23.742507749999998,198.41666666666666
2500,9780,0,125,-1.8791272640228271,-0.3873524069786072,0.09008604288101196,0.047843776643276215,0.0007,124,0.0,-23.742507749999998,198.41666666666666
2520,9778,0,126,-1.8722003698349,-0.37326580286026,0.12759214639663696,0.05798228457570076,0.0007,125,0.0,-23.742507749999998,198.41666666666666
2540,9781,0,127,-1.8882808685302734,-0.3954489529132843,0.22337108850479126,0.06160612031817436,0.0007,126,0.0,-23.742507749999998,198.41666666666666
2560,9784,0,128,-1.8965657949447632,-0.44828861951828003,0.34129494428634644,0.06469181925058365,0.0007,127,0.0,-23.742507749999998,198.41666666666666
2580,9786,0,129,-1.8925855159759521,-0.335275262594223,0.632446825504303,0.05124591663479805,0.0007,128,0.0,-23.742507749999998,198.41666666666666
2600,9778,0,130,-1.9086166620254517,-0.22067637741565704,0.812127411365509,0.029304200783371925,0.0007,129,0.0,-23.742507749999998,198.41666666666666
2620,9778,0,131,-1.9319368600845337,0.005304438062012196,0.8821021914482117,0.023085223510861397,0.0007,130,0.0,-23.742507749999998,198.41666666666666
2640,9781,0,132,-1.9170513153076172,0.7019144296646118,0.9387124180793762,0.227402001619339,0.0007,131,0.0,-23.742507749999998,198.41666666666666
2660,9784,0,133,-1.8985624313354492,0.01999565213918686,0.9533507823944092,0.012500313110649586,0.0007,132,0.0,-23.742507749999998,198.41666666666666
2680,9786,0,134,-1.8822238445281982,-0.30861520767211914,0.9285783767700195,0.03592819720506668,0.0007,133,0.0,-23.742507749999998,198.41666666666666
2700,9789,0,135,-1.888521432876587,-0.21471109986305237,0.9300330877304077,0.017075389623641968,0.0007,134,0.0,-23.742507749999998,198.41666666666666
2720,9791,0,136,-1.890000581741333,-0.24558505415916443,0.8701169490814209,0.01864382065832615,0.0007,135,0.0,-23.742507749999998,198.41666666666666
2740,9794,0,137,-1.8726675510406494,-0.16354602575302124,0.7707507610321045,0.020300468429923058,0.0007,136,0.0,-23.742507749999998,198.41666666666666
2760,9798,0,138,-1.903405785560608,-0.0835948958992958,0.8258336782455444,0.0034313995856791735,0.0007,137,0.0,-23.742507749999998,198.41666666666666
2780,9798,0,139,-1.9098796844482422,-0.0653887540102005,0.8374935984611511,0.0018797209486365318,0.0007,138,0.0,-23.742507749999998,198.41666666666666
2800,9798,0,140,-1.919664740562439,-0.07828574627637863,0.5646427869796753,0.003908240702003241,0.0007,139,0.0,-23.742507749999998,198.41666666666666
2820,9796,0,141,-1.9340368509292603,-0.030135557055473328,0.5248373746871948,0.0020052758045494556,0.0007,140,0.0,-23.742507749999998,198.41666666666666
2840,9798,0,142,-1.9395908117294312,-0.03051907941699028,0.8272513747215271,0.000451353145763278,0.0007,141,0.0,-23.742507749999998,198.41666666666666
2860,9801,0,143,-1.9384326934814453,0.0027665928937494755,0.7279789447784424,0.0009398640831932425,0.0007,142,0.0,-23.742507749999998,198.41666666666666
2880,9805,0,144,-1.9383465051651,0.03384669870138168,0.052924513816833496,0.0024563295301049948,0.0007,143,0.0,-23.742507749999998,198.41666666666666
2900,9805,0,145,-1.959011435508728,0.00771996658295393,0.007342696189880371,0.0031641721725463867,0.0007,144,0.0,-23.742507749999998,198.41666666666666
2920,9807,0,146,-1.9746034145355225,0.08260707557201385,0.20336824655532837,0.002830612240359187,0.0007,145,0.0,-23.742507749999998,198.41666666666666
2940,9809,0,147,-1.980934500694275,0.09771983325481415,0.5230149030685425,0.0035654492676258087,0.0007,146,0.0,-23.742507749999998,198.41666666666666
2960,9810,0,148,-1.9682025909423828,0.05680446699261665,0.37602752447128296,0.0029186999890953302,0.0007,147,0.0,-23.742507749999998,198.41666666666666
2980,9811,0,149,-1.967625617980957,0.09032721817493439,0.43411481380462646,0.0034894156269729137,0.0007,148,0.0,-23.742507749999998,198.41666666666666
3000,9809,0,150,-1.9620416164398193,0.05673881620168686,0.3039819598197937,0.0012595999287441373,0.0007,149,0.0,-23.742507749999998,198.41666666666666
3020,9811,0,151,-1.9691879749298096,-0.001699990825727582,0.07790613174438477,0.0009497327846474946,0.0007,150,0.0,-23.742507749999998,198.41666666666666
3040,9814,0,152,-1.9689114093780518,-0.03252910450100899,0.48607027530670166,0.002322861459106207,0.0007,151,0.0,-23.742507749999998,198.41666666666666
3060,9817,0,153,-1.9799444675445557,0.024386802688241005,0.289314329624176,0.0009365699370391667,0.0007,152,0.0,-23.742507749999998,198.41666666666666
3080,9818,0,154,-1.9883594512939453,0.03540967032313347,0.4769577980041504,0.0015499667497351766,0.0007,153,0.0,-23.742507749999998,198.41666666666666
3100,9821,0,155,-1.9903080463409424,-0.017638493329286575,0.6441582441329956,0.0008941333508118987,0.0007,154,0.0,-23.742507749999998,198.41666666666666
3120,9824,0,156,-1.997028112411499,0.03372228890657425,0.46979647874832153,0.0011200163280591369,0.0007,155,0.0,-23.742507749999998,198.41666666666666
3140,9823,0,157,-2.0037899017333984,-0.010288305580615997,0.517760694026947,0.0016292959917336702,0.0007,156,0.0,-23.77551684615384,197.53846153846155
3160,9822,0,158,-2.0090012550354004,0.8964296579360962,0.7472617626190186,1.3949934244155884,0.0007,157,0.0,-23.80431333333333,196.93333333333334
3180,9823,0,159,-2.0210506916046143,1.3656501770019531,0.8603219985961914,2.454084873199463,0.0007,158,0.0,-23.8595620625,196.75
3200,9826,0,160,-2.0142269134521484,-0.07468318939208984,0.9051268100738525,0.33975449204444885,0.0007,159,0.0,-23.8595620625,196.75
3220,9829,0,161,-2.008686065673828,-0.3534891903400421,-0.02020847797393799,0.043580055236816406,0.0007,160,0.0,-23.8595620625,196.75
3240,9831,0,162,-2.0124707221984863,-0.4274511933326721,0.03441113233566284,0.04155060276389122,0.0007,161,0.0,-23.8595620625,196.75
3260,9832,0,163,-1.9799522161483765,-0.42849117517471313,0.01389855146408081,0.0650276467204094,0.0007,162,0.0,-23.8595620625,196.75
3280,9835,0,164,-1.9883562326431274,-0.3918248116970062,0.0877646803855896,0.05647692084312439,0.0007,163,0.0,-23.8595620625,196.75
3300,9837,0,165,-1.9988288879394531,-0.4147412180900574,0.41385066509246826,0.05493392422795296,0.0007,164,0.0,-23.8595620625,196.75
3320,9831,0,166,-1.9976084232330322,-0.3806905746459961,0.6269257068634033,0.04964926093816757,0.0007,165,0.0,-23.8595620625,196.75
3340,9833,0,167,-1.9906200170516968,-0.2305724322795868,0.812768280506134,0.03164396807551384,0.0007,166,0.0,-23.8595620625,196.75
3360,9835,0,168,-1.9759619235992432,-0.03326459601521492,0.8684292435646057,0.05767107754945755,0.0007,167,0.0,-23.8595620625,196.75
3380,9834,0,169,-1.940014123916626,0.559188723564148,0.9904099106788635,0.07769612967967987,0.0007,168,0.0,-23.8595620625,196.75
3400,9821,0,170,-1.9681352376937866,0.14171914756298065,0.9512054920196533,0.04345294088125229,0.0007,169,0.0,-23.8595620625,196.75
3420,9813,0,171,-1.942702293395996,-0.27740922570228577,0.9649333357810974,0.030684281140565872,0.0007,170,0.0,-23.8595620625,196.75
3440,9809,0,172,-1.943415880203247,-0.24125489592552185,0.9693852066993713,0.022319788113236427,0.0007,171,0.0,-23.8595620625,196.75
3460,9810,0,173,-1.9647773504257202,-0.3619430363178253,0.9135711789131165,0.03775786608457565,0.0007,172,0.0,-23.8595620625,196.75
3480,9801,0,174,-1.9380533695220947,-0.30545753240585327,0.8791576623916626,0.024628013372421265,0.0007,173,0.0,-23.8595620625,196.75
3500,9800,0,175,-1.9044939279556274,-0.14421884715557098,0.8649412393569946,0.009329010732471943,0.0007,174,0.0,-23.8595620625,196.75
3520,9800,0,176,-1.9193212985992432,-0.12331037223339081,0.8120511174201965,0.005527469329535961,0.0007,175,0.0,-23.8595620625,196.75
3540,9801,0,177,-1.9423420429229736,-0.09268312156200409,0.615929126739502,0.0045227790251374245,0.0007,176,0.0,-23.8595620625,196.75
3560,9804,0,178,-2.0050339698791504,-0.048899777233600616,0.7944533228874207,0.0012471498921513557,0.0007,177,0.0,-23.8595620625,196.75
3580,9807,0,179,-2.0159378051757812,-0.0280156247317791,0.6199725270271301,0.0018971875542774796,0.0007,178,0.0,-23.8595620625,196.75
3600,9809,0,180,-2.0502681732177734,-0.01247434876859188,0.8039231300354004,0.0005957288667559624,0.0007,179,0.0,-23.8595620625,196.75
3620,9811,0,181,-2.056457757949829,0.02586221694946289,0.7488096952438354,0.0007659854018129408,0.0007,180,0.0,-23.8595620625,196.75
3640,9809,0,182,-2.0584492683410645,0.047979701310396194,0.8928123116493225,0.0007039567572064698,0.0007,181,0.0,-23.8595620625,196.75
3660,9804,0,183,-2.066347599029541,0.09393288195133209,0.5192393660545349,0.002516021952033043,0.0007,182,0.0,-23.8595620625,196.75
3680,9804,0,184,-2.0651230812072754,0.042858466506004333,0.5639052391052246,0.0009429955971427262,0.0007,183,0.0,-23.8595620625,196.75
3700,9805,0,185,-2.0552868843078613,0.0046439403668046,0.3770594000816345,0.006053565535694361,0.0007,184,0.0,-23.8595620625,196.75
3720,9806,0,186,-2.0387043952941895,0.08248726278543472,0.694624662399292,0.002329371403902769,0.0007,185,0.0,-23.8595620625,196.75
3740,9809,0,187,-2.035745143890381,0.04200805723667145,0.4734753370285034,0.0037737407255917788,0.0007,186,0.0,-23.8595620625,196.75
3760,9811,0,188,-2.027813196182251,0.05315748602151871,0.6583218574523926,0.0022467211820185184,0.0007,187,0.0,-23.8595620625,196.75
3780,9814,0,189,-2.0571208000183105,-0.062367476522922516,0.46422815322875977,0.0035576142836362123,0.0007,188,0.0,-23.8595620625,196.75
3800,9817,0,190,-2.0623462200164795,-0.041793156415224075,-0.017560243606567383,0.0033762864768505096,0.0007,189,0.0,-23.8595620625,196.75
3820,9820,0,191,-2.0577266216278076,-0.026512596756219864,0.24616390466690063,0.002461624564602971,0.0007,190,0.0,-23.8595620625,196.75
3840,9818,0,192,-2.0521819591522217,-0.08875058591365814,0.2659003734588623,0.00830939132720232,0.0007,191,0.0,-23.8595620625,196.75
3860,9819,0,193,-2.0441761016845703,-0.017513932660222054,0.25347524881362915,0.007968127727508545,0.0007,192,0.0,-23.8595620625,196.75
3880,9821,0,194,-2.04632568359375,0.006669342517852783,-0.6111204624176025,0.0008300741901621222,0.0007,193,0.0,-23.8595620625,196.75
3900,9821,0,195,-2.0519611835479736,-0.023291930556297302,0.36690855026245117,0.003959582652896643,0.0007,194,0.0,-23.8595620625,196.75
3920,9822,0,196,-2.0510056018829346,-0.01239409763365984,0.2301044464111328,0.0044744135811924934,0.0007,195,0.0,-23.95494194117647,196.76470588235293
3940,9822,0,197,-2.034747362136841,2.1170380115509033,0.2762598991394043,4.5189619064331055,0.0007,196,0.0,-23.95494194117647,196.76470588235293
3960,9819,0,198,-2.027209758758545,-0.002381840255111456,0.9986335635185242,0.00606293510645628,0.0007,197,0.0,-24.091406749999997,197.15
3980,9819,0,199,-1.998853325843811,3.706841230392456,0.7730436325073242,7.375065803527832,0.0007,198,0.0,-24.091406749999997,197.15
4000,9738,0,200,-1.9720849990844727,-0.22615742683410645,0.07639336585998535,0.020208142697811127,0.0007,199,0.0,-24.091406749999997,197.15
4020,9737,0,201,-1.9918750524520874,-0.2900029122829437,0.14199334383010864,0.023188840597867966,0.0007,200,0.0,-24.091406749999997,197.15
4040,9735,0,202,-1.9744389057159424,-0.27328142523765564,0.32750755548477173,0.02265843376517296,0.0007,201,0.0,-24.091406749999997,197.15
4060,9735,0,203,-1.9678449630737305,-0.26131993532180786,0.5191642045974731,0.024956529960036278,0.0007,202,0.0,-24.091406749999997,197.15
4080,9738,0,204,-1.9863027334213257,-0.2793906331062317,0.6976791620254517,0.030904605984687805,0.0007,203,0.0,-24.091406749999997,197.15
4100,9739,0,205,-2.0071616172790527,-0.3304261267185211,0.7842587828636169,0.03794669359922409,0.0007,204,0.0,-24.091406749999997,197.15
4120,9739,0,206,-1.9869283437728882,-0.12180866301059723,0.8257578611373901,0.047474734485149384,0.0007,205,0.0,-24.091406749999997,197.15
4140,9734,0,207,-1.9851319789886475,0.24636928737163544,0.9834105372428894,0.024767696857452393,0.0007,206,0.0,-24.091406749999997,197.15
4160,9735,0,208,-1.9977428913116455,0.04269471764564514,0.9706394076347351,0.012882238253951073,0.0007,207,0.0,-24.091406749999997,197.15
4180,9735,0,209,-2.00127911567688,-0.30938491225242615,0.9401785731315613,0.02818503975868225,0.0007,208,0.0,-24.091406749999997,197.15
4200,9737,0,210,-1.9914153814315796,-0.332763671875,0.9271079897880554,0.035531483590602875,0.0007,209,0.0,-24.091406749999997,197.15
4220,9740,0,211,-1.98737370967865,-0.2901318371295929,0.9357889294624329,0.02496480569243431,0.0007,210,0.0,-24.091406749999997,197.15
4240,9744,0,212,-1.986149549484253,-0.21948686242103577,0.9437022805213928,0.01802452653646469,0.0007,211,0.0,-24.091406749999997,197.15
4260,9741,0,213,-1.9990684986114502,-0.17372578382492065,0.9351135492324829,0.009598852135241032,0.0007,212,0.0,-24.091406749999997,197.15
4280,9741,0,214,-1.9958000183105469,-0.105547234416008,0.8530140519142151,0.007120715919882059,0.0007,213,0.0,-24.091406749999997,197.15
4300,9743,0,215,-2.006201982498169,-0.03888552263379097,0.92772376537323,0.0012503450270742178,0.0007,214,0.0,-24.091406749999997,197.15
4320,9741,0,216,-2.016174793243408,-0.07237032800912857,0.8560006618499756,0.0022237806115299463,0.0007,215,0.0,-24.091406749999997,197.15
4340,9735,0,217,-1.9976043701171875,0.0009337894734926522,0.934191107749939,0.0004594216588884592,0.0007,216,0.0,-24.091406749999997,197.15
4360,9735,0,218,-1.9929345846176147,0.05119599029421806,0.9143431186676025,0.0008920089458115399,0.0007,217,0.0,-24.091406749999997,197.15
4380,9737,0,219,-2.00117826461792,-0.007238639052957296,0.8370692729949951,0.0016051155980676413,0.0007,218,0.0,-24.091406749999997,197.15
4400,9739,0,220,-2.011793375015259,0.04136975482106209,0.6514642834663391,0.002029057126492262,0.0007,219,0.0,-24.091406749999997,197.15
4420,9731,0,221,-2.0094962120056152,0.0844251736998558,0.8579921126365662,0.002183397999033332,0.0007,220,0.0,-24.091406749999997,197.15
4440,9733,0,222,-2.0136466026306152,0.08054077625274658,-0.2103586196899414,0.0025264404248446226,0.0007,221,0.0,-24.091406749999997,197.15
4460,9734,0,223,-2.0210986137390137,0.0738440752029419,0.5095147490501404,0.0030339485965669155,0.0007,222,0.0,-24.091406749999997,197.15
4480,9734,0,224,-2.020662307739258,0.07369835674762726,0.516953706741333,0.0026037872303277254,0.0007,223,0.0,-24.091406749999997,197.15
4500,9732,0,225,-2.0350518226623535,0.06178389862179756,-0.6829732656478882,0.0017886906862258911,0.0007,224,0.0,-24.091406749999997,197.15
4520,9732,0,226,-2.0357143878936768,0.05437929555773735,0.1884503960609436,0.0035602464340627193,0.0007,225,0.0,-24.091406749999997,197.15
4540,9733,0,227,-2.048893690109253,-0.05691361427307129,-0.41508686542510986,0.0026431542355567217,0.0007,226,0.0,-24.091406749999997,197.15
4560,9735,0,228,-2.0388894081115723,0.021143699064850807,0.29163801670074463,0.0015189528930932283,0.0007,227,0.0,-24.091406749999997,197.15
4580,9736,0,229,-2.0430521965026855,0.06265593320131302,0.39996880292892456,0.001215692376717925,0.0007,228,0.0,-24.091406749999997,197.15
4600,9737,0,230,-2.0543642044067383,0.01335754431784153,0.5588381886482239,0.0009373939828947186,0.0007,229,0.0,-24.091406749999997,197.15
4620,9739,0,231,-2.053077220916748,-0.0277172289788723,-0.14816582202911377,0.001365962321870029,0.0007,230,0.0,-24.091406749999997,197.15
4640,9741,0,232,-2.0487561225891113,0.015422731637954712,0.5044152736663818,0.0008384184911847115,0.0007,231,0.0,-24.091406749999997,197.15
4660,9738,0,233,-2.0431618690490723,0.017367839813232422,0.5043295621871948,0.0004362982581369579,0.0007,232,0.0,-24.091406749999997,197.15
4680,9740,0,234,-2.045041561126709,-0.04211492836475372,0.021117091178894043,0.00282519799657166,0.0007,233,0.0,-24.091406749999997,197.15
4700,9742,0,235,-2.0536911487579346,-0.0015669211279600859,0.5956870317459106,0.0015324123669415712,0.0007,234,0.0,-24.091406749999997,197.15
4720,9743,0,236,-2.0539588928222656,-0.009468669071793556,0.6307931542396545,0.0006226982222869992,0.0007,235,0.0,-24.11583680952381,197.28571428571428
4740,9745,0,237,-2.047147274017334,1.7908140420913696,0.4975818395614624,2.7789649963378906,0.0007,236,0.0,-24.11583680952381,197.28571428571428
4760,9741,0,238,-2.0613818168640137,-0.1563737392425537,0.9990355968475342,0.012345531955361366,0.0007,237,0.0,-23.962949333333338,197.625
4780,9743,0,239,-2.032604694366455,-0.15473493933677673,0.9992362856864929,0.012614021077752113,0.0007,238,0.0,-23.962949333333338,197.625
4800,9744,0,240,-1.9890295267105103,-0.17596332728862762,0.08121347427368164,0.009630367159843445,0.0007,239,0.0,-23.962949333333338,197.625
4820,9746,0,241,-1.9958518743515015,-0.24495430290699005,0.12552988529205322,0.01837335340678692,0.0007,240,0.0,-23.962949333333338,197.625
4840,9743,0,242,-2.00644588470459,-0.2600533366203308,0.43317270278930664,0.020129498094320297,0.0007,241,0.0,-23.962949333333338,197.625
4860,9744,0,243,-2.010547161102295,-0.25680792331695557,0.40145593881607056,0.024274494498968124,0.0007,242,0.0,-23.962949333333338,197.625
4880,9746,0,244,-2.0163092613220215,-0.2866304814815521,0.665937066078186,0.025676826015114784,0.0007,243,0.0,-23.962949333333338,197.625
4900,9749,0,245,-2.020461320877075,-0.19040539860725403,0.8503384590148926,0.015017767436802387,0.0007,244,0.0,-23.962949333333338,197.625
4920,9750,0,246,-2.020169734954834,-0.05638855695724487,0.8933566212654114,0.015110482461750507,0.0007,245,0.0,-23.962949333333338,197.625
4940,9752,0,247,-2.031818389892578,0.18546490371227264,0.9770311713218689,0.018223535269498825,0.0007,246,0.0,-23.962949333333338,197.625
4960,9754,0,248,-2.025134563446045,0.2792339324951172,0.9759743213653564,0.025914330035448074,0.0007,247,0.0,-23.962949333333338,197.625
4980,9756,0,249,-2.0347983837127686,-0.005007441155612469,0.9975783824920654,0.0006476489943452179,0.0007,248,0.0,-23.962949333333338,197.625
5000,9758,0,250,-2.0412745475769043,-0.06315408647060394,0.9954764246940613,0.00241354969330132,0.0007,249,0.0,-23.962949333333338,197.625
