time/total_timesteps,rollout/ep_rew_mean,train/entropy,train/policy_loss,train/value_loss
300,-15.0972,2.1919,-6.1312,8.5041
600,-19.8563,2.1824,-1.5611,29.5406
900,-20.4143,2.1747,-0.1563,22.2084
1200,-18.0801,2.1594,4.3772,24.5668
1500,-17.4119,2.1474,1.3721,5.3174
1800,-16.5678,2.128,1.6371,12.1773
2100,-15.8833,2.0905,0.9422,6.2746
2400,-15.8301,2.0834,-3.1669,16.1474
2700,-16.1576,2.068,-2.5203,22.2144
3000,-17.4678,2.0641,-3.5727,60.9471
3300,-17.4359,2.0274,-0.9473,12.9105
3600,-16.9552,2.0488,1.0487,11.8503
3900,-16.8638,2.0265,0.0993,6.5771
4200,-16.6995,2.074,1.0576,14.3967
4500,-16.5955,2.0684,-0.2762,22.3614
4800,-16.3597,2.0655,0.5346,4.417
5100,-16.4287,2.0704,-1.3074,8.0704
5400,-16.5139,2.0622,-1.1631,12.9978
5700,-16.7284,2.0908,-1.7035,9.0944
6000,-16.6419,2.0865,1.5017,10.8726
6300,-16.7326,2.0958,0.5718,8.5716
6600,-16.6928,2.1345,0.432,2.3882
6900,-16.8978,2.1057,-3.543,3.4609
7200,-17.1569,2.1279,-1.0696,14.2604
7500,-17.2625,2.1348,0.8,28.2401
7800,-17.5615,2.1208,-0.2589,17.9945
8100,-17.3387,2.1221,3.617,14.754
8400,-17.521,2.1121,-2.0492,20.799
8700,-17.6101,2.1018,-1.5894,4.0162
9000,-17.6302,2.0717,0.1758,5.0255
9300,-17.6365,2.0966,0.3121,7.342
9600,-17.7558,2.0775,-2.2428,4.9077
9900,-17.691,2.0441,0.9643,7.9753
10200,-17.7865,2.0488,-1.4345,4.8257
10500,-17.7443,2.0681,1.8616,11.01
10800,-17.8536,1.9816,-1.0031,4.0746
11100,-17.8149,1.975,0.1722,28.1741
11400,-17.9944,1.9889,-1.9003,13.6422
11700,-18.0827,1.9363,0.1322,3.7854
12000,-18.1015,1.9473,1.1553,2.6025
12300,-17.8606,1.9772,6.1545,13.4888
12600,-17.7412,1.9419,-0.2191,23.3073
12900,-17.8983,1.9734,-4.8986,43.4508
13200,-17.9351,1.9984,-3.4405,11.0616
13500,-17.8052,1.954,1.4892,8.121
13800,-17.862,1.9806,-0.9125,13.4196
14100,-17.8134,1.9719,0.1525,5.9718
14400,-17.793,1.9301,-0.1626,2.8285
14700,-17.7046,1.9882,2.1782,10.1055
15000,-17.5529,2.0624,3.3451,16.8501
15300,-17.5388,1.9963,0.0419,4.5991
15600,-17.3581,1.9822,-0.0507,7.9744
15900,-17.3285,2.048,-1.7781,16.7919
16200,-17.3976,1.9902,1.7263,3.2673
16500,-17.4002,2.026,0.5614,2.0019
16800,-17.4982,2.0257,-1.4225,8.0102
17100,-17.4707,2.0607,1.4978,7.1975
17400,-17.4276,2.0474,1.6384,7.7177
17700,-17.0753,2.0849,11.3045,32.1972
18000,-16.8084,2.0629,-2.3444,11.3758
18300,-16.716,2.0503,-0.6336,9.7877
18600,-16.7479,1.9973,0.126,5.1209
18900,-16.633,2.0387,0.2688,5.7775
19200,-16.5921,2.0604,-1.0138,2.4612
19500,-16.5484,2.0511,-0.5061,4.1969
19800,-16.7168,2.0247,-2.1917,18.0396
20100,-16.6559,2.0111,-0.1301,9.7385
20400,-16.6389,1.9743,0.3721,8.6367
20700,-16.5391,1.9738,0.4849,5.3859
21000,-16.5031,2.0096,0.3316,8.3526
21300,-16.4978,1.9495,-3.6964,28.5036
21600,-16.5484,1.971,-3.5175,15.6511
21900,-16.514,2.0149,-3.1071,9.9558
22200,-16.3969,2.0068,-0.3228,2.9535
22500,-16.4062,2.0448,-0.2437,9.2526
22800,-16.2909,2.0284,0.6025,4.4742
23100,-16.341,2.0621,3.2455,8.2758
23400,-15.9539,2.1039,4.0974,18.6439
23700,-15.8841,2.0743,-1.1282,26.3257
24000,-15.7955,2.1196,-1.804,3.8519
24300,-15.8932,2.0661,-4.4113,27.4936
24600,-15.7437,2.1009,0.0222,8.075
24900,-15.7566,2.092,0.1849,7.5841
25200,-15.5854,2.111,0.6913,5.236
25500,-15.5933,2.1251,-1.6701,6.3891
25800,-15.4838,2.1228,-1.8837,1.4403
26100,-15.458,2.1297,0.4653,16.7952
26400,-15.432,2.1222,-1.2849,11.4086
26700,-15.2251,2.1452,1.9835,21.6321
27000,-15.231,2.132,-0.2894,4.1909
27300,-15.3492,2.1168,2.2174,9.9905
27600,-15.5253,2.1577,-2.8955,8.6585
27900,-15.3,2.1315,0.8961,25.5108
28200,-15.1628,2.1579,1.4068,6.1689
28500,-15.2068,2.1471,-0.3836,4.9382
28800,-15.166,2.1396,-2.2681,7.204
29100,-15.2369,2.1527,-2.8347,3.7196
29400,-15.1241,2.1467,3.5927,12.428
29700,-15.1042,2.1369,5.2885,5.7073
30000,-15.2001,2.141,0.8594,3.6358
30300,-15.2162,2.1567,-0.4959,9.9262
30600,-15.0967,2.1465,1.5926,10.676
30900,-14.786,2.1498,6.1996,14.7037
31200,-14.7383,2.1499,-0.1787,4.994
31500,-14.643,2.1492,-0.1399,6.9987
31800,-14.6514,2.157,-3.7251,7.8
32100,-14.8027,2.1375,-1.9156,6.6476
32400,-14.7377,2.1502,2.4056,17.3711
32700,-15.1416,2.1537,-1.174,8.6389
33000,-15.1381,2.1504,0.7917,9.5052
33300,-15.2055,2.1591,0.6107,2.4693
33600,-15.2208,2.1628,1.6889,5.0615
33900,-15.2284,2.1619,1.8418,6.2789
34200,-15.257,2.1662,-1.5731,7.8056
34500,-15.2851,2.1508,-1.7227,10.3981
34800,-15.2067,2.1599,-3.6638,5.1173
35100,-15.2088,2.1404,-0.2655,6.2847
35400,-15.1975,2.1345,-0.7675,2.2277
35700,-15.2453,2.1423,0.207,8.8045
36000,-15.4754,2.1274,-2.6318,16.001
36300,-15.3928,2.1279,1.1774,25.8164
36600,-15.4091,2.1226,0.2253,3.0708
36900,-15.1744,2.1346,2.2461,16.1873
37200,-15.0178,2.1128,2.7494,2.9739
37500,-14.8273,2.1306,-0.6006,11.1807
37800,-14.5881,2.1253,0.1787,6.2304
38100,-14.639,2.1193,-2.2237,25.1823
38400,-14.729,2.0973,1.5262,1.9637
38700,-14.7149,2.1134,-4.1176,26.7401
39000,-14.6733,2.0985,-1.9822,4.4127
39300,-14.5387,2.0925,-2.3558,8.4811
39600,-14.5482,2.1126,-0.6017,5.3053
39900,-14.3855,2.1051,5.4655,17.041
40200,-14.3616,2.0775,1.5837,12.5272
40500,-14.2072,2.0785,3.919,2.8872
40800,-14.1871,2.1166,-1.225,19.2498
41100,-14.1215,2.0976,-1.2199,3.5204
41400,-14.0983,2.1095,-4.2238,21.5442
41700,-13.9744,2.1423,1.9661,44.4499
42000,-13.7921,2.128,2.6404,8.7032
42300,-13.7869,2.1152,-0.5645,4.509
42600,-13.4474,2.1052,3.7937,21.225
42900,-13.5487,2.1316,-3.5883,9.3404
43200,-13.528,2.1373,0.1987,2.2613
43500,-13.2266,2.1531,7.3313,32.823
43800,-13.1894,2.1344,-1.9654,12.2012
44100,-13.077,2.1489,-1.3096,16.4191
44400,-13.1251,2.1643,-0.1633,27.3925
44700,-13.0052,2.1424,6.2348,10.6126
45000,-13.078,2.102,-2.9493,11.9065
45300,-13.0184,2.1076,0.1968,4.4875
45600,-13.0459,2.116,0.6886,9.9156
45900,-13.3732,2.1406,-1.5495,40.2943
46200,-13.3785,2.1436,-0.5588,11.6576
46500,-13.4242,2.1267,0.7792,6.2427
46800,-13.431,2.1398,-2.2468,8.3301
47100,-13.4061,2.1591,-1.0513,4.7253
47400,-13.5082,2.1159,0.2662,17.7437
47700,-13.2407,2.1193,3.126,26.1971
48000,-13.2576,2.1465,-0.9607,6.85
48300,-13.1472,2.1512,1.4033,16.3673
48600,-13.1711,2.1514,-0.5853,7.4729
48900,-13.2167,2.1685,0.7185,3.5131
49200,-13.3443,2.1594,-1.9331,11.9256
49500,-13.3447,2.1658,-0.1984,17.8313
49800,-13.3711,2.1584,-0.7353,3.2861
50100,-13.3405,2.1337,0.8905,8.4637
50400,-13.2644,2.1382,0.9801,3.4007
50700,-13.2281,2.1414,-0.7328,4.668
51000,-13.0527,2.1524,-0.6565,6.3941
51300,-12.9588,2.1507,6.5125,10.7527
51600,-12.7801,2.1215,3.0045,9.6982
51900,-12.8597,2.1227,-1.1942,1.3872
52200,-12.8698,2.1332,0.2397,4.7806
52500,-12.784,2.139,1.139,6.5011
52800,-12.9598,2.1134,-4.841,19.8926
53100,-12.8071,2.1354,-1.7128,1.4847
53400,-12.8492,2.1277,0.2296,13.7266
53700,-12.7917,2.117,-1.5311,3.4314
54000,-12.8454,2.1114,-1.3864,3.1973
54300,-12.5886,2.1083,1.7286,37.6687
54600,-12.7095,2.0898,-2.0027,14.4275
54900,-13.0097,2.0517,-1.9595,19.5207
55200,-13.036,2.0921,0.9254,25.9072
55500,-13.1148,2.099,1.667,14.5872
55800,-13.0869,2.066,0.8751,7.2159
56100,-13.2462,2.01,-1.8588,23.2053
56400,-13.1929,2.1053,-1.6744,10.6291
56700,-13.2651,2.0934,2.186,18.7948
57000,-13.438,2.0735,-1.3219,8.4369
57300,-13.3212,2.0886,1.5479,12.5934
57600,-13.5537,1.9953,-0.2258,23.7606
57900,-13.6634,2.0297,-3.2213,17.9829
58200,-13.8229,2.0139,-1.0433,6.925
58500,-14.1212,2.0336,2.6431,14.9966
58800,-14.1989,2.0302,0.2425,11.9035
59100,-14.2581,2.0425,0.8735,4.4922
59400,-14.4083,2.0324,-0.8947,9.3879
59700,-14.5636,2.0248,0.2964,27.6613
60000,-14.4625,2.0357,0.3712,22.6172
60300,-14.506,2.0379,-0.5886,6.0662
60600,-14.4923,2.0291,0.6749,9.3042
60900,-14.3609,2.0284,-0.2839,8.521
61200,-14.5253,2.0039,-1.7381,27.7809
61500,-14.67,2.0292,-1.5582,8.1628
61800,-14.7566,2.0091,-0.81,9.481
62100,-14.6712,2.0219,3.8358,21.7326
62400,-14.846,1.9648,-0.1938,7.8998
62700,-14.9914,2.009,3.8364,9.7303
63000,-14.8995,1.9822,2.0884,20.1364
63300,-14.9771,2.0104,0.9976,2.781
63600,-15.0228,2.0125,-2.5967,8.6095
63900,-15.1664,2.0002,-2.0674,5.3509
64200,-15.0188,2.0091,1.7507,5.4772
64500,-15.2215,1.9426,-3.5919,13.4096
64800,-15.1911,2.0016,0.1542,25.8311
65100,-15.1951,2.0415,1.9577,13.5815
65400,-15.313,1.9907,-0.7574,4.4699
65700,-15.3628,2.0283,-0.1691,5.0203
66000,-15.3298,2.0231,2.1505,3.4949
66300,-15.3072,2.0405,6.1224,8.5277
66600,-15.5446,2.002,-2.5104,26.0679
66900,-15.496,2.0071,1.0287,6.4138
67200,-15.6148,1.9918,-2.3182,10.7519
67500,-15.8635,1.9455,-1.7248,30.0139
67800,-15.909,1.9803,-1.3207,7.668
68100,-16.2621,1.8745,-2.3258,26.4881
68400,-16.5822,1.8384,-0.8266,18.0383
68700,-16.6156,1.9203,3.4057,47.1759
69000,-16.5942,1.9305,4.2393,35.5937
69300,-16.9313,1.9259,1.2257,22.4961
69600,-16.8747,1.9491,1.3244,18.7234
69900,-16.8355,1.8671,-0.23,10.2039
70200,-17.0121,1.8097,-0.6677,6.4222
70500,-17.3042,1.8882,-2.083,13.6662
70800,-17.6219,1.7395,-1.7176,10.396
71100,-17.7523,1.7851,-0.3881,13.2805
71400,-17.8374,1.8434,0.7842,17.1985
71700,-18.0767,1.9381,2.6318,25.0195
72000,-18.1362,1.8785,0.7966,32.3297
72300,-18.5559,2.0061,-1.8244,14.6602
72600,-18.6493,1.9491,0.2897,26.0518
72900,-18.7503,1.9225,-2.0129,17.0487
73200,-18.6565,1.991,3.6397,14.0064
73500,-18.7851,2.0506,0.7211,3.6635
73800,-18.7751,2.0011,-0.0803,19.1728
74100,-18.7578,2.0947,0.746,18.7552
74400,-18.4719,2.1271,5.2732,22.4333
74700,-18.5754,2.115,-1.9828,4.5677
75000,-18.5942,2.1376,0.9558,5.0296
75300,-18.3577,2.1558,5.4124,19.1019
75600,-18.4347,2.1454,-1.1479,12.3371
75900,-18.3125,2.1607,0.9351,4.5974
76200,-18.1466,2.1303,-1.1313,9.1225
76500,-17.9836,2.1442,-1.0878,5.1038
76800,-17.7624,2.1255,-0.7449,4.8316
77100,-17.8331,2.1459,-1.6798,2.2797
77400,-17.5619,2.1296,1.3695,12.5011
77700,-17.4891,2.1655,2.4167,4.4292
78000,-17.4289,2.1511,0.8921,4.508
78300,-17.403,2.1401,-0.6167,7.7689
78600,-17.3127,2.1495,-1.106,3.0785
78900,-16.9948,2.1446,3.0163,16.9461
79200,-17.0181,2.1358,-1.0945,4.588
79500,-16.679,2.1527,3.783,11.0296
79800,-16.634,2.1066,-0.523,7.7374
80100,-16.6702,2.1051,-0.5509,20.0281
80400,-16.3824,2.152,4.2658,40.3023
80700,-16.1811,2.1206,6.892,8.3356
81000,-16.0017,2.1305,7.8953,10.0041
81300,-16.1063,2.1535,-0.7625,8.9255
81600,-16.1404,2.0222,-2.5361,54.1841
81900,-16.191,2.1273,-0.893,1.106
82200,-16.1203,2.0829,1.036,5.0665
82500,-15.9406,2.1161,0.7602,5.1943
82800,-15.9352,2.0996,-2.1526,35.4479
83100,-15.627,2.1026,-0.6095,4.8169
83400,-15.3041,2.0614,1.4267,2.7615
83700,-15.2275,2.0987,-1.0198,5.1899
84000,-15.1895,2.0513,-0.5697,4.7637
84300,-15.1175,2.0828,-3.2527,2.4155
84600,-15.0381,2.1063,1.0008,3.172
84900,-14.8513,2.0676,0.2844,2.5067
85200,-14.6617,2.0938,1.2336,8.427
85500,-14.4266,2.0222,-2.1418,6.8723
85800,-14.0229,2.0188,1.9033,1.9083
86100,-13.8597,2.0287,-5.4372,17.1331
86400,-13.6202,2.0354,-0.5125,3.7202
86700,-13.4584,2.0708,0.2835,5.1461
87000,-13.3193,2.0962,-1.9334,5.1472
87300,-12.8303,2.1059,4.419,14.1268
87600,-12.7464,2.0921,-1.6606,14.9009
87900,-12.4468,2.0251,-1.0308,6.7151
88200,-12.3748,2.1035,1.6514,4.093
88500,-12.2467,2.0336,0.5983,1.5186
88800,-12.01,2.0948,4.7095,15.7464
89100,-11.9526,2.0909,-1.1386,9.0211
89400,-12.0546,2.0728,-0.0977,22.9368
89700,-12.0394,2.1104,-3.2125,16.3472
90000,-11.8359,2.0601,2.9732,22.8621
90300,-12.0726,2.0912,-0.6784,3.9739
90600,-12.0404,2.0997,-0.012,2.6977
90900,-12.1028,2.1158,1.8465,2.2938
91200,-12.0535,2.1195,1.608,2.6506
91500,-12.0235,2.1075,-0.282,4.0347
91800,-12.2003,2.0966,-3.1514,27.7426
92100,-11.9713,2.0996,2.3288,10.3134
92400,-11.9903,2.0883,-0.4615,5.1381
92700,-12.0841,2.109,-1.2099,20.9231
93000,-12.1613,2.0879,0.1987,17.5845
93300,-12.0762,2.0878,2.3643,13.05
93600,-12.0002,2.0892,1.0425,4.7079
93900,-12.0641,2.0982,0.7049,5.4798
94200,-11.9027,2.1158,0.3288,0.966
94500,-11.9794,2.1077,-1.1576,27.2228
94800,-11.8033,2.0629,2.0195,3.6218
95100,-11.879,2.0497,-2.8053,29.8191
95400,-12.0623,2.0982,-2.0398,4.3964
95700,-12.1794,2.0998,-2.3515,3.3387
96000,-12.286,2.0968,1.1042,10.5343
96300,-12.2397,2.1105,1.775,3.9659
96600,-11.9977,2.0929,0.5544,4.4479
96900,-12.0381,2.1092,-0.721,4.7462
97200,-12.019,2.0921,-0.1705,4.3933
97500,-12.011,2.1215,0.6986,7.1508
97800,-11.9373,2.0679,-0.5048,15.9252
98100,-11.9479,2.0894,-0.1505,3.5656
98400,-12.0829,2.0904,-1.9326,6.5797
98700,-12.0166,2.1034,3.3577,7.078
99000,-11.9168,2.1057,2.6381,6.3947
99300,-11.8661,2.1057,-1.0961,7.3769
99600,-11.9056,2.1119,-1.4492,20.3964
99900,-11.9045,2.1083,-0.0615,3.756
100200,-11.8926,2.0806,0.1104,8.153
100500,-11.8506,2.099,-0.3619,14.3063
100800,-11.9377,2.1037,0.1337,8.559
101100,-11.7829,2.0894,1.6491,3.4797
101400,-11.6157,2.1189,2.815,7.2619
101700,-11.6975,2.0874,-5.4231,31.18
102000,-11.7014,2.1046,-3.8026,19.7662
102300,-11.7481,2.1042,-0.6702,1.86
102600,-11.6035,2.1168,0.0222,5.6458
102900,-11.5607,2.0892,-1.8422,3.272
103200,-11.6001,2.1067,-1.698,11.172
103500,-11.534,2.0716,-0.1356,2.4352
103800,-11.6768,2.061,-0.381,34.7583
104100,-11.662,2.074,2.228,2.9717
104400,-11.7907,2.0844,-1.3875,6.1104
104700,-11.6798,2.0544,0.8822,15.6778
105000,-11.7713,2.0742,1.4143,5.0577
105300,-11.8631,2.0668,-2.6134,13.8222
105600,-11.8943,2.0358,-0.4563,14.9458
105900,-11.9174,2.0808,0.1025,62.5377
106200,-12.1259,1.99,-0.8736,27.0993
106500,-12.332,2.0422,-2.0604,6.7366
106800,-12.22,2.0319,0.839,7.7046
107100,-12.3097,2.0222,3.5999,25.7402
107400,-12.3579,2.0003,0.7502,19.3623
107700,-12.2678,2.0266,0.4751,4.2156
108000,-12.2086,2.0185,0.3188,3.5934
108300,-12.3416,2.0463,-3.2529,9.4604
108600,-12.208,2.0404,3.1866,16.8437
108900,-12.2206,2.0876,0.7966,2.2002
109200,-12.3652,2.0473,-2.8812,8.8612
109500,-12.4737,2.0433,-1.9766,24.2996
109800,-12.7183,2.0622,-2.4798,19.4168
110100,-12.753,2.0437,-4.0561,7.3441
110400,-12.8658,2.0545,-1.2371,5.6142
110700,-12.904,2.031,1.0643,10.122
111000,-13.0703,2.011,0.6897,6.3564
111300,-13.1247,1.9835,1.1028,20.8668
111600,-13.1595,2.0142,0.8844,10.1064
111900,-12.9846,2.001,2.2509,11.168
112200,-12.8654,2.0265,2.055,3.5088
112500,-12.7438,2.0132,2.1806,1.4296
112800,-12.7876,1.9707,-3.7209,64.6249
113100,-13.1524,1.919,-5.1604,159.019
113400,-13.1661,2.0097,-8.0466,41.1668
113700,-13.1274,1.9828,-0.4595,5.6775
114000,-13.2198,2.0143,-1.273,20.6422
114300,-13.0995,1.9784,1.2337,3.3535
114600,-12.9275,1.986,1.4345,10.4166
114900,-12.882,1.953,-0.0808,2.3843
115200,-12.8656,2.0043,-0.575,8.9365
115500,-12.7126,1.9633,2.7038,6.454
115800,-12.6576,1.9573,0.1834,1.1765
116100,-12.6238,1.9541,0.3894,5.0592
116400,-12.7445,1.9661,0.0239,2.8915
116700,-12.734,1.9271,-4.3728,14.259
117000,-12.6677,1.9766,-1.6367,4.8447
117300,-12.8739,1.9976,-1.2764,9.8281
117600,-12.8945,2.0162,3.0744,11.5561
117900,-12.9821,1.9909,0.4939,10.9205
118200,-12.9039,2.0272,2.3473,11.1132
118500,-12.8292,1.9965,1.9204,9.09
118800,-12.8852,2.0292,-1.8212,38.9192
119100,-12.9369,2.0201,-3.2794,17.4216
119400,-12.696,1.9912,-0.1067,6.2848
119700,-12.8052,2.0266,-4.132,12.739
120000,-12.8574,2.0248,-0.5488,9.3309
120300,-12.5024,2.0175,5.7893,36.9206
120600,-12.4148,2.0087,1.7291,6.4935
120900,-12.3463,2.0327,2.4376,5.8166
121200,-12.3266,2.0224,-4.5061,33.3922
121500,-12.1283,2.0543,-1.2246,6.0124
121800,-12.1483,2.0527,-2.4176,11.7082
122100,-12.1443,1.9991,1.3958,7.4059
122400,-12.0281,2.0371,3.0369,6.6768
122700,-12.1805,2.0396,-2.5273,18.2476
123000,-12.2975,2.0513,-0.9098,26.1142
123300,-12.2393,2.0784,0.14,12.2948
123600,-12.3837,2.095,2.7924,5.0131
123900,-12.4988,2.0513,-0.5421,6.3406
124200,-12.6351,2.0412,-3.1704,15.6636
124500,-12.4469,2.0736,2.4441,17.5633
124800,-12.3795,2.0489,-0.7353,4.8557
125100,-12.1484,2.0723,4.001,8.6219
125400,-12.1306,2.0803,-1.1092,15.3462
125700,-11.9943,2.0696,2.5175,7.4502
126000,-11.8372,2.0241,1.2647,3.8444
126300,-11.8942,2.0873,-1.2044,13.4565
126600,-11.8853,1.9778,-0.1094,17.0406
126900,-11.8887,1.9883,1.3227,19.714
127200,-12.0372,2.0981,-2.1939,6.0258
127500,-12.3872,2.0383,-2.7128,25.2832
127800,-12.3329,2.0278,-0.933,2.5038
128100,-11.9504,2.0827,2.7853,5.5618
128400,-11.8961,2.0103,0.2638,4.5866
128700,-12.023,2.0416,1.3297,1.9914
129000,-12.0105,1.9949,0.2655,1.0575
129300,-12.111,2.0775,-0.4461,7.5031
129600,-12.2014,2.0624,-0.4327,1.8345
129900,-12.0932,2.0355,1.9888,16.7774
130200,-12.1203,2.0547,-0.2882,1.6964
130500,-12.3812,2.0391,-2.4741,15.6533
130800,-12.448,2.0476,-1.1173,3.0723
131100,-12.6045,2.0571,-0.3602,5.9404
131400,-12.599,2.0522,3.3297,14.9486
131700,-12.3274,2.0085,7.9844,23.69
132000,-12.236,2.0665,2.6715,8.949
132300,-12.1769,2.0724,-1.7759,10.2684
132600,-12.2358,2.0833,-2.7394,11.2416
132900,-12.3227,2.0528,-2.9266,22.1827
133200,-12.3172,2.0242,1.6669,4.0788
133500,-12.4583,2.0589,-0.3547,17.4075
133800,-12.3244,2.0575,2.0685,5.685
134100,-12.2258,2.0258,2.0198,2.5002
134400,-12.2788,2.0547,0.6173,15.3158
134700,-12.016,2.063,1.2978,3.8462
135000,-11.9176,2.0338,-1.0395,10.7391
135300,-11.9827,2.0819,0.3059,1.5545
135600,-12.0285,2.065,-3.2732,14.1145
135900,-12.1877,2.0286,-3.0976,30.2452
136200,-11.9359,2.0657,-0.069,5.0382
136500,-12.0745,2.0426,-2.7237,14.9431
136800,-11.9752,2.022,-0.2039,5.0703
137100,-12.0165,2.0309,0.0849,13.0971
137400,-12.1439,2.0408,-0.7938,11.6573
137700,-11.9892,2.0119,0.2187,9.1404
138000,-11.942,1.9885,-0.7793,4.0597
138300,-11.9972,1.9864,-1.2615,3.4167
138600,-12.0518,1.9943,0.8128,4.8259
138900,-12.0365,2.0094,-0.5495,10.131
139200,-11.8385,1.9814,0.4437,10.7819
139500,-12.0127,1.967,-2.037,4.0876
139800,-11.8823,1.9708,1.6736,20.5623
140100,-12.0565,2.0321,-0.2698,9.0475
140400,-11.7944,1.9147,3.9735,21.7003
140700,-11.8837,1.9898,0.2275,0.7528
141000,-11.9167,2.0027,-0.3009,1.9809
141300,-11.9728,2.0353,-2.1606,3.1978
141600,-11.8174,2.001,4.1645,21.6719
141900,-11.9382,2.0252,1.4594,9.3391
142200,-11.8891,2.0418,1.2587,4.3924
142500,-11.7931,2.0339,-2.1414,14.1865
142800,-11.9168,2.0362,-4.1374,23.0373
143100,-11.8532,2.0114,1.5034,6.1413
143400,-11.6408,2.0598,1.1203,48.0394
143700,-11.6726,2.0388,-1.8924,6.4019
144000,-11.6189,2.0612,0.2688,3.4223
144300,-11.5683,2.0447,-0.6935,12.2879
144600,-11.5804,2.0294,-1.1287,14.0011
144900,-11.7681,2.0578,-0.2388,7.7551
145200,-11.7132,2.052,1.9841,7.7079
145500,-11.6384,2.0015,-1.2407,3.4127
145800,-11.5554,2.0882,0.3302,18.1712
146100,-11.3308,2.0746,2.9543,11.9802
146400,-11.5954,2.0302,-5.577,37.0166
146700,-11.8764,1.9985,-1.9951,10.4686
147000,-11.8925,2.0599,1.5477,6.5588
147300,-11.8003,2.04,0.818,2.243
147600,-11.9177,2.0202,-2.3967,28.8894
147900,-11.9357,2.0865,-4.2167,26.2526
148200,-12.0438,2.0639,-1.7635,1.9699
148500,-11.8068,2.0144,5.5546,30.6439
148800,-11.8321,2.0195,1.435,4.5132
149100,-11.7792,2.0601,5.4894,7.3252
149400,-11.7733,2.0374,0.2781,38.8807
149700,-11.9084,2.0496,-1.009,20.4494
150000,-11.8676,2.0689,0.6332,3.2308
150300,-11.9625,2.0353,-1.1438,3.8581
150600,-11.8905,2.0191,-0.8216,5.8019
150900,-11.8287,2.071,-1.1557,6.8118
151200,-11.8694,2.0587,0.6466,5.1988
151500,-11.6883,2.0647,1.4392,11.7329
151800,-11.7918,2.0394,-1.4311,19.6556
152100,-11.8759,1.9706,-1.3755,9.7777
152400,-12.0909,1.9721,-2.3051,41.096
152700,-12.0874,2.0095,1.1246,19.0235
153000,-12.2321,1.9882,-1.1677,8.1805
153300,-12.2629,1.9734,0.693,11.4983
153600,-12.4739,2.0347,-0.9391,11.3283
153900,-12.6271,2.0362,0.0839,17.6656
154200,-12.807,1.879,0.2652,9.8418
154500,-12.9694,1.8683,-0.9696,23.474
154800,-13.2674,1.8533,-1.7276,9.3532
155100,-13.1937,2.0199,0.9096,19.3823
155400,-13.3911,1.9702,2.3683,10.7406
155700,-13.4741,2.0168,0.4909,3.4201
156000,-13.4539,2.0297,1.9672,7.3533
156300,-13.4296,2.0364,-0.7762,6.8113
156600,-13.7592,1.9588,-1.8996,8.6023
156900,-13.8513,2.0896,-0.0821,2.5369
157200,-14.0006,2.0591,-0.6228,3.1907
157500,-14.0676,2.0378,-0.5713,4.3264
157800,-14.0877,1.9208,-0.3474,10.1875
158100,-14.2787,1.876,1.2658,19.125
158400,-14.6689,1.9121,0.1592,3.0429
158700,-14.6552,2.0373,3.2823,22.442
159000,-14.8832,2.0321,-0.3994,7.6679
159300,-14.9894,2.0085,1.0617,4.8817
159600,-14.9295,2.0338,3.8554,7.5223
159900,-14.8332,2.0141,0.7733,10.4986
160200,-14.9027,2.0701,-1.9756,23.4819
160500,-14.8785,2.0143,-2.865,9.1965
160800,-14.7733,2.1372,0.4767,24.4267
161100,-15.088,2.0377,-4.6036,30.4277
161400,-14.7649,2.1326,0.6552,17.7404
161700,-14.7511,2.1035,-1.3009,17.8291
162000,-14.8876,2.0799,-1.2409,3.5525
162300,-15.1007,2.0312,-1.452,19.6077
162600,-15.0252,2.1171,0.2495,9.4964
162900,-14.8964,2.1019,1.3059,8.7375
163200,-15.0138,2.1096,-0.5757,9.7511
163500,-15.3308,2.1059,-0.1274,2.7284
163800,-15.308,2.1249,3.8865,5.4948
164100,-15.6005,2.0878,-2.3458,11.0675
164400,-15.8971,2.0627,-2.5735,11.1109
164700,-15.9508,2.115,1.1551,4.6885
165000,-16.1735,2.1332,1.6959,2.9228
165300,-16.216,2.064,0.8205,8.5053
165600,-16.2558,2.057,0.6318,11.3489
165900,-16.2473,2.1004,-2.1382,6.8024
166200,-16.3723,2.0704,-2.6537,5.2
166500,-16.5582,2.0374,-2.0795,10.1568
166800,-16.5008,2.0074,1.1212,10.2093
167100,-16.3423,2.1201,2.9651,18.6359
167400,-16.1026,2.0968,-0.1401,2.3028
167700,-16.0064,2.0555,1.9925,21.4719
168000,-15.8708,2.0863,-0.5378,4.1411
168300,-15.6574,2.1514,5.684,12.8583
168600,-15.6319,2.0913,-2.2018,17.1319
168900,-15.4564,2.0968,0.7641,4.9139
169200,-15.2013,2.1137,2.7771,5.7998
169500,-14.8997,2.1445,0.3911,9.1285
169800,-14.8216,2.1255,-4.6458,36.5475
170100,-14.6106,2.1328,1.8104,10.4335
170400,-14.5011,2.1206,-0.4689,5.5343
170700,-14.1827,2.1106,2.8163,7.1564
171000,-14.2942,2.109,-3.6672,33.0418
171300,-14.0271,2.1308,0.5455,2.7563
171600,-13.6868,2.1484,0.5212,4.9704
171900,-13.4269,2.1334,1.2205,3.0787
172200,-13.2683,2.0784,-1.9779,33.0261
172500,-13.2278,2.102,-2.378,75.7539
172800,-13.0371,2.1301,-5.6335,9.0067
173100,-13.1385,2.0291,-4.0893,44.0446
173400,-13.0566,2.0726,-3.4257,15.0291
173700,-13.1942,2.0392,-2.6818,9.0561
174000,-12.8519,2.0812,2.6217,65.1698
174300,-12.7868,2.0547,2.8108,11.1376
174600,-12.9338,1.9537,0.0084,7.1129
174900,-13.3853,1.9891,-3.2173,50.6287
175200,-13.4677,2.0271,0.4782,7.4592
175500,-13.4441,1.9827,1.0846,14.1704
175800,-13.5874,1.964,0.5121,65.6779
176100,-13.3493,1.9914,0.5586,6.5968
176400,-13.5358,1.9727,-1.3975,19.3681
176700,-13.7249,2.0082,-3.0653,39.4323
177000,-13.8241,1.9878,-2.1735,15.1886
177300,-13.8426,1.9796,-1.1513,16.3639
177600,-14.1319,1.8756,-2.3536,27.0917
177900,-14.1226,1.8809,2.515,40.8895
178200,-14.051,1.9697,2.5931,15.1433
178500,-14.2815,1.9307,-1.1937,18.3381
178800,-14.1429,1.9448,2.3164,102.0395
179100,-14.1989,1.8952,-0.2461,28.5208
179400,-14.1088,1.8679,1.4682,11.3054
179700,-14.3725,1.8642,-1.3281,17.6264
180000,-14.3649,1.8608,1.5992,21.8075
180300,-14.5745,1.8458,-0.0543,16.1772
180600,-14.9501,1.8783,-1.2595,21.0843
180900,-15.1288,1.8387,0.2597,9.1462
181200,-15.2764,1.8531,0.4622,6.8162
181500,-15.4745,1.8533,-1.9771,32.3289
181800,-15.8392,1.8696,-2.5084,22.9815
182100,-16.3022,1.8592,-1.809,14.5244
182400,-16.4812,1.9208,1.1155,12.7201
182700,-16.7051,1.8817,1.5507,17.0062
183000,-16.8649,1.9188,0.0534,22.6466
183300,-17.1902,1.9106,-0.2404,8.9517
183600,-17.0102,1.9684,2.2954,23.9219
183900,-17.2264,1.9564,-0.044,7.6097
184200,-17.4718,1.9133,0.4151,9.7687
184500,-17.4868,1.9513,2.8118,16.5224
184800,-17.2333,1.9805,2.7407,8.9699
185100,-17.5367,1.9425,-2.1441,42.4367
185400,-17.3942,2.0126,2.3951,11.4882
185700,-17.6688,1.9599,-3.4472,23.134
186000,-17.5624,1.9853,-1.7524,12.1651
186300,-17.7397,1.9604,-2.6361,2.7999
186600,-17.9006,1.9633,0.5875,14.7123
186900,-17.958,1.9155,1.7616,11.5524
187200,-18.1165,1.9688,-1.2175,12.8876
187500,-18.0506,1.9596,-0.6621,3.1485
187800,-17.9623,1.9506,2.2418,11.8068
188100,-17.7565,2.0014,1.0394,10.2188
188400,-17.6549,1.996,-0.1059,5.7426
188700,-17.5047,2.0103,-0.138,12.0614
189000,-17.7532,1.9753,-1.1538,10.7779
189300,-17.7007,2.0176,0.5662,22.1876
189600,-17.5862,1.9817,0.5048,3.5599
189900,-17.0627,2.0012,2.9315,10.8091
190200,-16.95,2.0089,0.2414,17.3225
190500,-17.0105,2.0002,-2.4628,18.3369
190800,-16.9266,2.0162,-0.2111,4.2171
191100,-16.9792,2.0217,-0.9858,7.403
191400,-16.7205,2.0353,4.9621,10.4799
191700,-16.327,2.0496,1.5067,9.4405
192000,-16.071,2.0393,0.7649,6.1846
192300,-15.7741,2.02,-0.825,4.3749
192600,-15.4907,2.0089,-3.3713,30.3569
192900,-15.3601,2.0728,-0.5913,7.1589
193200,-15.1137,2.0658,1.9233,6.751
193500,-14.7615,2.0847,-2.0938,8.0145
193800,-14.8927,2.0287,-0.8202,9.8862
194100,-14.7473,2.0291,-1.1531,24.4635
194400,-14.5574,2.0424,1.0139,25.898
194700,-14.2159,2.0021,1.159,37.2052
195000,-14.1892,2.0522,0.3188,3.7702
195300,-13.8718,2.0776,4.8502,7.4157
195600,-13.6026,1.9629,-0.9893,8.8657
195900,-13.4164,2.0612,-0.8236,10.9541
196200,-13.2123,2.0479,-0.2377,4.6145
196500,-12.9182,2.0776,0.1547,9.0641
196800,-12.6469,1.9963,-1.2564,9.4884
197100,-12.2371,2.0577,0.8737,28.2323
197400,-12.2653,1.9864,-4.1493,24.4328
197700,-12.2237,2.0892,-0.324,11.574
198000,-12.1042,2.0682,0.3853,10.7129
198300,-11.8329,2.1166,3.0394,10.6806
198600,-11.6633,2.1153,2.9748,23.7745
198900,-11.5395,2.0953,-2.4296,17.6673
199200,-11.516,2.0943,-2.2303,36.3741
199500,-11.55,2.054,-0.7451,12.5789
199800,-11.7708,2.083,-1.9448,7.854
200100,-11.495,2.1079,3.5764,40.3884
200400,-11.6513,2.0997,3.7778,8.6736
200700,-11.5611,2.107,2.2789,7.7105
201000,-11.5642,2.105,0.0781,15.261
201300,-11.5746,2.0971,-1.779,4.8901
201600,-11.6275,2.1093,-2.9327,4.3014
201900,-11.6406,2.0992,4.3995,11.2529
202200,-11.6397,2.0855,-1.4775,5.5636
202500,-11.7042,2.0648,-1.5272,4.847
202800,-11.6574,2.089,6.4404,41.2767
203100,-11.5098,2.0824,3.7801,51.8543
203400,-11.385,2.0844,7.1862,12.5178
203700,-11.298,2.1049,3.5011,6.6473
204000,-11.2571,2.1074,-0.371,21.0104
204300,-11.2799,2.103,-0.0054,2.6593
204600,-11.3737,2.1067,-2.8725,6.25
204900,-11.6001,2.1183,-0.7118,22.3798
205200,-11.4732,2.078,2.7311,23.6686
205500,-11.2718,2.1036,7.8612,13.958
205800,-11.4918,2.0853,-1.4024,10.9066
206100,-11.448,2.0635,0.8304,14.29
206400,-11.5248,2.062,2.4563,4.0373
206700,-11.8306,2.0401,-3.8333,37.1772
207000,-11.8639,2.0742,-0.5321,5.1927
207300,-11.8652,2.0419,1.1779,3.1952
207600,-11.6603,2.0114,0.5919,21.5084
207900,-11.7072,1.9961,-1.3998,12.5898
208200,-11.8545,1.964,-1.3388,16.2078
208500,-12.0797,1.9887,-4.6925,31.8673
208800,-11.9985,2.0049,1.6274,16.4431
209100,-11.8934,1.878,0.2379,3.0224
209400,-11.9991,1.9389,-1.1894,7.2957
209700,-11.9107,1.8255,1.0523,17.8806
210000,-11.8736,1.8181,0.0325,25.3748
210300,-11.9627,1.919,0.2384,4.095
210600,-11.7527,1.8619,1.9278,11.1599
210900,-11.7095,1.8344,-0.498,9.8593
211200,-11.7119,1.8806,-1.932,5.465
211500,-11.7481,1.9794,-1.9306,4.0731
211800,-11.6401,1.9558,-0.1792,5.6991
212100,-11.7734,1.8898,-0.699,3.9844
212400,-11.6199,1.9372,0.3532,2.9867
212700,-11.6241,1.9979,-0.4889,1.802
213000,-11.5881,1.9786,2.0186,3.012
213300,-11.5757,1.9487,1.651,12.8541
213600,-11.7274,1.9951,-1.3143,3.5678
213900,-11.738,1.9516,-2.5898,10.9982
214200,-11.54,1.9557,1.044,15.3466
214500,-11.6697,1.9361,-2.2933,12.4656
214800,-11.4757,1.9836,1.2639,12.9566
215100,-11.6181,1.9982,0.0381,15.9805
215400,-11.4467,1.965,5.5054,17.4693
215700,-11.4965,1.9965,-1.8691,12.096
216000,-11.6039,1.9714,-3.0519,14.2383
216300,-11.5129,1.9555,0.1731,11.6631
216600,-11.5204,1.9912,-1.2864,9.8688
216900,-11.4323,1.9418,6.3928,17.8571
217200,-11.4736,1.9405,-3.0337,24.9662
217500,-11.1823,1.9746,1.2811,56.4235
217800,-11.2869,1.9165,0.6854,7.4117
218100,-11.5008,1.9586,-1.2548,29.0773
218400,-11.649,1.9561,-2.1494,13.3905
218700,-11.8508,1.9532,-1.8273,10.3632
219000,-11.824,1.9849,0.4686,23.7099
219300,-11.6831,1.9961,3.4591,23.8496
219600,-11.6362,1.9957,0.5435,5.6154
219900,-11.557,2.0248,-0.3879,4.4483
220200,-11.6404,2.0036,0.4455,10.4927
220500,-11.7474,2.0126,0.055,10.5458
220800,-11.5867,1.9864,-0.2038,4.8807
221100,-11.6382,2.0551,-1.1075,3.556
221400,-11.6475,2.0218,2.5842,9.6347
221700,-11.4852,2.0478,-0.3313,7.5252
222000,-11.7586,2.0286,-1.863,23.3956
222300,-11.893,2.023,0.8072,11.9038
222600,-11.8994,2.0336,5.2913,20.4703
222900,-12.0499,2.0479,-0.9362,5.6827
223200,-11.9885,2.034,2.6215,7.2831
223500,-11.6862,2.0466,2.3374,6.7732
223800,-11.7623,2.0234,-0.1858,17.6097
224100,-11.677,2.0505,0.6266,9.3767
224400,-11.6871,2.0348,-2.8933,11.9951
224700,-11.7475,2.0575,0.3244,4.7355
225000,-11.677,2.0685,0.57,4.1955
225300,-11.6723,2.064,-1.7185,10.2604
225600,-11.8554,2.0496,-3.7576,8.9645
225900,-11.7423,2.0556,1.1706,10.5019
226200,-11.7124,2.0244,0.2806,8.8845
226500,-11.5928,2.0288,-0.1701,2.2212
226800,-11.5448,2.0367,-0.2757,7.7645
227100,-11.3192,2.0577,1.6595,9.5741
227400,-11.0901,2.0845,2.0794,7.3296
227700,-11.0402,2.0973,-1.1153,24.5636
228000,-11.0328,2.0536,-3.1802,11.8484
228300,-11.2128,2.0507,-3.3211,9.312
228600,-11.1516,2.0649,0.9633,6.1773
228900,-10.9388,2.0588,2.047,15.7272
229200,-10.9614,2.0545,0.9242,8.067
229500,-10.7926,2.0036,0.3515,2.653
229800,-10.7922,2.0314,-0.4684,27.2829
230100,-10.5795,2.0081,0.8954,51.5916
230400,-10.8099,2.0309,-2.3208,10.0182
230700,-10.6874,2.0518,0.0219,2.9683
231000,-10.5713,2.0406,-2.878,5.7732
231300,-10.4715,2.0616,2.9072,2.4381
231600,-10.3992,2.0355,-3.1097,7.8911
231900,-10.5367,2.0523,-0.3688,3.1062
232200,-10.4648,2.047,-3.1467,14.157
232500,-10.405,2.0674,3.0365,37.3358
232800,-10.4772,2.06,-0.6917,28.702
233100,-10.4172,2.0404,-0.0752,5.1235
233400,-10.27,2.0583,0.9954,13.5817
233700,-9.9261,2.0685,2.1926,26.7909
234000,-9.9433,2.0601,-2.0404,15.609
234300,-10.0876,2.0729,-1.1871,19.0
234600,-10.1084,2.0192,-2.1032,10.3376
234900,-10.1195,2.0338,-0.89,1.8603
235200,-10.2619,2.0163,-0.8997,2.9087
235500,-10.1895,2.0013,2.8277,15.6468
235800,-10.2003,1.9962,0.9458,19.7301
236100,-10.2084,2.0235,0.2374,28.4904
236400,-10.447,2.0035,-2.0095,14.2926
236700,-10.3166,2.0523,2.4982,12.7739
237000,-10.1401,2.0197,-0.0216,17.1459
237300,-10.1658,2.0184,-0.5366,5.6585
237600,-10.2395,1.9545,1.2114,10.7685
237900,-9.99,2.0355,5.6968,16.0472
238200,-10.0846,1.9766,-0.0943,4.477
238500,-10.2678,1.9517,-1.837,9.6077
238800,-10.2947,1.9799,0.4358,6.6788
239100,-10.3098,1.9527,2.0724,7.6375
239400,-10.171,1.9737,1.9222,3.4976
239700,-10.2482,1.994,-1.6023,10.5287
240000,-10.2481,1.9322,0.0245,4.3093
240300,-10.1523,1.9244,0.7319,8.6534
240600,-10.2107,1.9805,-2.3959,28.9495
240900,-10.3959,1.9635,-2.4928,15.2582
241200,-10.6499,1.9606,-4.4181,43.0978
241500,-10.6546,1.9743,0.7035,16.9266
241800,-10.7386,1.9475,-0.183,1.0149
242100,-10.978,1.9724,-0.7186,8.9833
242400,-11.1787,1.9789,0.7563,2.9586
242700,-11.2216,2.0062,-0.2499,3.79
243000,-11.0578,1.9672,3.6304,20.0084
243300,-11.1507,1.8585,-2.9828,16.1358
243600,-11.2809,1.9454,-0.0353,24.2551
243900,-11.525,1.9644,-1.2532,15.3891
244200,-11.5891,1.9742,1.6497,12.5776
244500,-11.576,1.9574,2.2404,23.1168
244800,-11.5615,1.98,2.8854,7.4747
245100,-11.6377,1.954,3.2302,3.1122
245400,-11.688,2.0029,-1.5887,30.1964
245700,-11.7328,2.0079,-2.0193,7.8645
246000,-11.8429,1.9973,-3.9694,12.7089
246300,-12.0306,2.0253,-2.1634,3.8849
246600,-12.0515,2.0626,0.0972,5.0115
246900,-11.9616,2.0756,6.6311,17.4214
247200,-11.9338,2.0873,-0.7016,2.5158
247500,-12.2818,2.0319,-1.6804,4.3302
247800,-12.1087,2.0591,1.6135,51.1001
248100,-11.724,2.0994,7.4063,114.0893
248400,-11.8405,2.0456,0.7399,3.1076
248700,-12.0061,2.0064,0.6099,4.7403
249000,-12.1816,2.0327,-4.3472,28.0833
249300,-12.1293,2.0622,0.5103,5.4636
249600,-12.1633,1.9713,-2.0621,20.7399
249900,-12.1318,1.9325,-0.7752,25.3722
250050,-12.0963,2.0794,-1.2418,2.5259
